datetime,BTC,ETH,LTC
2021-07-30 03:00:00,39981.86,2423.13,142.77
2021-07-30 04:00:00,39824.58,2415.75,142.4
2021-07-30 05:00:00,39743.0,2404.12,141.5
2021-07-30 06:00:00,39858.48,2413.5,141.98
2021-07-30 07:00:00,39737.37,2404.29,141.54
2021-07-30 08:00:00,38747.72,2351.85,137.4
2021-07-30 09:00:00,38828.88,2349.49,137.48
2021-07-30 10:00:00,38882.65,2357.69,137.49
2021-07-30 11:00:00,38669.58,2336.21,136.29
2021-07-30 12:00:00,38728.21,2333.64,136.49
2021-07-30 13:00:00,38859.12,2340.95,136.49
2021-07-30 14:00:00,39043.22,2342.51,137.33
2021-07-30 15:00:00,39097.1,2348.62,137.65
2021-07-30 16:00:00,38931.44,2335.7,137.74
2021-07-30 17:00:00,39046.6,2353.8,139.6
2021-07-30 18:00:00,39109.02,2348.73,139.91
2021-07-30 19:00:00,39895.01,2381.22,140.95
2021-07-30 20:00:00,40684.6,2420.45,142.45
2021-07-30 21:00:00,41204.24,2442.95,143.56
2021-07-30 22:00:00,41376.68,2439.61,144.3
2021-07-30 23:00:00,42237.95,2463.9,145.62
2021-07-31 00:00:00,41920.74,2458.28,146.17
2021-07-31 01:00:00,41999.79,2462.42,145.92
2021-07-31 02:00:00,41978.97,2467.61,145.82
2021-07-31 03:00:00,41840.33,2465.11,144.96
2021-07-31 04:00:00,41841.39,2457.48,144.88
2021-07-31 05:00:00,41699.99,2438.53,143.05
2021-07-31 06:00:00,41540.91,2437.13,143.45
2021-07-31 07:00:00,41553.97,2443.24,143.43
2021-07-31 08:00:00,41716.01,2463.56,144.35
2021-07-31 09:00:00,41660.67,2459.37,143.78
2021-07-31 10:00:00,41812.88,2472.71,144.22
2021-07-31 11:00:00,41606.36,2459.78,143.6
2021-07-31 12:00:00,41666.99,2464.03,143.94
2021-07-31 13:00:00,41402.44,2446.89,143.0
2021-07-31 14:00:00,41419.85,2445.64,142.99
2021-07-31 15:00:00,41569.62,2459.54,143.8
2021-07-31 16:00:00,41311.67,2448.91,142.63
2021-07-31 17:00:00,41194.74,2440.0,142.37
2021-07-31 18:00:00,41405.78,2458.34,143.51
2021-07-31 19:00:00,41334.92,2458.56,143.12
2021-07-31 20:00:00,41541.88,2491.77,143.85
2021-07-31 21:00:00,41995.56,2538.99,145.79
2021-07-31 22:00:00,41893.04,2538.51,145.73
2021-07-31 23:00:00,41495.01,2533.74,144.43
2021-08-01 00:00:00,41764.05,2572.48,147.99
2021-08-01 01:00:00,41740.68,2568.37,147.01
2021-08-01 02:00:00,41836.97,2581.84,147.97
2021-08-01 03:00:00,42468.51,2618.11,149.74
2021-08-01 04:00:00,42074.65,2621.51,148.74
2021-08-01 05:00:00,41850.56,2608.22,148.9
2021-08-01 06:00:00,41742.59,2601.96,148.92
2021-08-01 07:00:00,41718.85,2587.08,148.07
2021-08-01 08:00:00,41777.28,2594.87,148.47
2021-08-01 09:00:00,41940.4,2611.82,148.98
2021-08-01 10:00:00,41518.77,2584.36,146.76
2021-08-01 11:00:00,41610.32,2589.24,147.27
2021-08-01 12:00:00,41572.26,2590.77,146.82
2021-08-01 13:00:00,41433.92,2579.54,145.41
2021-08-01 14:00:00,41345.41,2581.51,145.57
2021-08-01 15:00:00,41300.32,2583.47,145.99
2021-08-01 16:00:00,41272.11,2569.56,145.96
2021-08-01 17:00:00,41089.73,2570.9,144.44
2021-08-01 18:00:00,41081.8,2599.6,144.96
2021-08-01 19:00:00,41269.01,2656.67,145.73
2021-08-01 20:00:00,41270.26,2671.91,146.33
2021-08-01 21:00:00,41087.63,2654.76,146.0
2021-08-01 22:00:00,40282.59,2601.94,142.81
2021-08-01 23:00:00,39865.41,2555.43,140.28
2021-08-02 00:00:00,39521.29,2519.15,139.29
2021-08-02 01:00:00,39624.95,2538.82,139.7
2021-08-02 02:00:00,39793.09,2568.05,140.98
2021-08-02 03:00:00,39797.25,2560.69,141.26
2021-08-02 04:00:00,39671.67,2549.76,141.16
2021-08-02 05:00:00,39733.46,2558.3,142.12
2021-08-02 06:00:00,40280.89,2618.59,145.33
2021-08-02 07:00:00,40126.42,2618.31,144.9
2021-08-02 08:00:00,39524.97,2572.84,143.79
2021-08-02 09:00:00,39630.25,2602.03,144.59
2021-08-02 10:00:00,39714.51,2599.36,144.57
2021-08-02 11:00:00,39553.22,2591.13,144.29
2021-08-02 12:00:00,39268.15,2587.96,143.24
2021-08-02 13:00:00,39585.21,2616.64,144.21
2021-08-02 14:00:00,39627.2,2626.74,144.12
2021-08-02 15:00:00,39706.88,2634.27,143.74
2021-08-02 16:00:00,39818.92,2648.55,143.82
2021-08-02 17:00:00,39701.94,2643.59,143.09
2021-08-02 18:00:00,39655.7,2650.93,142.72
2021-08-02 19:00:00,39170.03,2601.76,141.32
2021-08-02 20:00:00,38856.06,2598.26,139.9
2021-08-02 21:00:00,39209.01,2613.07,140.5
2021-08-02 22:00:00,39422.86,2625.83,142.21
2021-08-02 23:00:00,39149.59,2608.12,141.36
2021-08-03 00:00:00,39336.22,2609.12,142.08
2021-08-03 01:00:00,38828.02,2547.73,139.25
2021-08-03 02:00:00,38908.52,2555.62,139.67
2021-08-03 03:00:00,38651.37,2533.0,139.06
2021-08-03 04:00:00,38326.46,2494.67,137.86
2021-08-03 05:00:00,38242.23,2472.56,138.48
2021-08-03 06:00:00,38369.08,2463.3,138.16
2021-08-03 07:00:00,38601.15,2493.59,138.81
2021-08-03 08:00:00,38533.24,2484.59,137.56
2021-08-03 09:00:00,38639.84,2499.7,138.41
2021-08-03 10:00:00,38739.48,2512.32,138.62
2021-08-03 11:00:00,38481.22,2488.55,137.69
2021-08-03 12:00:00,38399.98,2501.33,138.94
2021-08-03 13:00:00,38454.87,2514.13,139.02
2021-08-03 14:00:00,38253.08,2513.82,139.27
2021-08-03 15:00:00,38169.0,2497.42,138.58
2021-08-03 16:00:00,38403.19,2499.45,139.16
2021-08-03 17:00:00,38000.0,2469.05,137.64
2021-08-03 18:00:00,38199.04,2485.91,139.14
2021-08-03 19:00:00,37998.98,2474.52,138.87
2021-08-03 20:00:00,38070.54,2485.22,139.22
2021-08-03 21:00:00,38312.44,2490.31,139.69
2021-08-03 22:00:00,38333.58,2512.83,139.55
2021-08-03 23:00:00,38191.44,2508.31,138.48
2021-08-04 00:00:00,38398.34,2516.37,138.8
2021-08-04 01:00:00,38341.24,2523.92,139.1
2021-08-04 02:00:00,38082.56,2512.36,137.98
2021-08-04 03:00:00,37956.39,2483.49,137.1
2021-08-04 04:00:00,37952.63,2495.8,137.23
2021-08-04 05:00:00,37986.31,2495.86,137.56
2021-08-04 06:00:00,37790.33,2486.4,136.82
2021-08-04 07:00:00,37809.06,2478.41,136.75
2021-08-04 08:00:00,37723.71,2475.97,136.51
2021-08-04 09:00:00,37815.84,2479.85,136.83
2021-08-04 10:00:00,38080.04,2499.8,137.47
2021-08-04 11:00:00,38151.81,2505.07,137.63
2021-08-04 12:00:00,38845.12,2588.6,140.01
2021-08-04 13:00:00,39028.47,2608.47,140.86
2021-08-04 14:00:00,39122.61,2639.92,141.98
2021-08-04 15:00:00,39308.62,2673.42,142.4
2021-08-04 16:00:00,39492.99,2710.97,143.09
2021-08-04 17:00:00,39386.42,2677.21,142.41
2021-08-04 18:00:00,39569.18,2691.62,143.33
2021-08-04 19:00:00,39751.9,2695.56,143.8
2021-08-04 20:00:00,39749.63,2710.77,143.66
2021-08-04 21:00:00,39834.0,2720.8,144.03
2021-08-04 22:00:00,39712.0,2728.48,142.75
2021-08-04 23:00:00,39722.41,2724.71,142.54
2021-08-05 00:00:00,39544.0,2705.07,141.68
2021-08-05 01:00:00,39475.32,2690.02,141.56
2021-08-05 02:00:00,39365.36,2698.39,140.61
2021-08-05 03:00:00,39425.97,2712.12,140.73
2021-08-05 04:00:00,39343.31,2694.42,140.4
2021-08-05 05:00:00,39361.15,2706.23,140.84
2021-08-05 06:00:00,39066.34,2684.44,139.37
2021-08-05 07:00:00,38851.78,2680.88,139.29
2021-08-05 08:00:00,38473.97,2632.33,138.19
2021-08-05 09:00:00,38022.16,2594.1,137.59
2021-08-05 10:00:00,38018.86,2615.17,138.19
2021-08-05 11:00:00,38001.55,2621.75,137.98
2021-08-05 12:00:00,38033.53,2606.5,138.2
2021-08-05 13:00:00,38025.1,2686.92,138.78
2021-08-05 14:00:00,39009.83,2803.67,140.89
2021-08-05 15:00:00,38780.7,2755.87,140.36
2021-08-05 16:00:00,39768.66,2789.34,141.63
2021-08-05 17:00:00,40763.63,2814.57,143.9
2021-08-05 18:00:00,40899.08,2804.81,143.14
2021-08-05 19:00:00,40722.79,2797.98,143.18
2021-08-05 20:00:00,40903.33,2805.52,144.37
2021-08-05 21:00:00,40935.61,2827.41,144.58
2021-08-05 22:00:00,40941.41,2809.83,143.96
2021-08-05 23:00:00,40888.74,2829.35,143.59
2021-08-06 00:00:00,40074.85,2778.46,142.22
2021-08-06 01:00:00,40617.73,2809.33,144.23
2021-08-06 02:00:00,40350.89,2773.68,144.18
2021-08-06 03:00:00,40232.44,2761.86,146.07
2021-08-06 04:00:00,40171.39,2772.99,145.59
2021-08-06 05:00:00,40555.0,2785.56,146.34
2021-08-06 06:00:00,41038.44,2784.42,146.22
2021-08-06 07:00:00,40739.23,2768.63,145.45
2021-08-06 08:00:00,40965.48,2778.0,145.61
2021-08-06 09:00:00,40615.38,2760.72,144.91
2021-08-06 10:00:00,40694.89,2759.55,144.64
2021-08-06 11:00:00,40513.39,2736.99,144.07
2021-08-06 12:00:00,40784.39,2771.99,145.03
2021-08-06 13:00:00,40945.51,2778.52,145.59
2021-08-06 14:00:00,40799.74,2779.44,144.83
2021-08-06 15:00:00,42227.27,2839.37,149.15
2021-08-06 16:00:00,42545.11,2862.96,148.84
2021-08-06 17:00:00,42924.34,2914.64,149.09
2021-08-06 18:00:00,42818.24,2920.15,148.04
2021-08-06 19:00:00,42930.45,2931.35,148.67
2021-08-06 20:00:00,42730.0,2914.95,148.67
2021-08-06 21:00:00,42450.0,2879.05,148.38
2021-08-06 22:00:00,42799.98,2892.1,148.29
2021-08-06 23:00:00,42869.58,2892.98,148.09
2021-08-07 00:00:00,43297.84,2920.14,150.73
2021-08-07 01:00:00,43204.25,2915.33,150.85
2021-08-07 02:00:00,43327.08,2929.06,153.61
2021-08-07 03:00:00,43730.18,2937.72,153.53
2021-08-07 04:00:00,43316.79,2959.37,152.36
2021-08-07 05:00:00,43456.2,2969.82,152.62
2021-08-07 06:00:00,43280.41,2961.32,151.75
2021-08-07 07:00:00,43240.77,2958.6,152.2
2021-08-07 08:00:00,43490.95,2979.59,152.79
2021-08-07 09:00:00,43669.94,3045.2,154.45
2021-08-07 10:00:00,43702.27,3073.3,154.41
2021-08-07 11:00:00,43851.12,3107.25,154.75
2021-08-07 12:00:00,43574.43,3095.06,150.95
2021-08-07 13:00:00,43219.97,3059.0,150.28
2021-08-07 14:00:00,43533.45,3085.31,152.59
2021-08-07 15:00:00,43412.62,3084.92,153.85
2021-08-07 16:00:00,43741.13,3092.72,154.79
2021-08-07 17:00:00,43462.57,3049.71,152.66
2021-08-07 18:00:00,43592.39,3059.03,153.22
2021-08-07 19:00:00,43980.2,3077.95,154.05
2021-08-07 20:00:00,43982.62,3082.16,154.64
2021-08-07 21:00:00,43554.11,3073.97,152.99
2021-08-07 22:00:00,44078.85,3090.64,154.37
2021-08-07 23:00:00,44637.34,3163.09,156.05
2021-08-08 00:00:00,44617.45,3163.02,156.58
2021-08-08 01:00:00,44160.0,3111.2,153.16
2021-08-08 02:00:00,43979.3,3093.43,152.57
2021-08-08 03:00:00,44383.1,3125.45,154.34
2021-08-08 04:00:00,44382.47,3125.45,153.84
2021-08-08 05:00:00,44810.74,3125.45,155.03
2021-08-08 06:00:00,45080.86,3178.74,156.45
2021-08-08 07:00:00,44845.02,3178.74,155.34
2021-08-08 08:00:00,44489.79,3178.74,153.8
2021-08-08 09:00:00,44763.25,3178.74,155.23
2021-08-08 10:00:00,44408.97,3178.74,153.3
2021-08-08 11:00:00,44486.14,3178.74,153.44
2021-08-08 12:00:00,45047.82,3139.69,155.15
2021-08-08 13:00:00,44788.0,3117.61,154.04
2021-08-08 14:00:00,43948.03,3029.39,150.7
2021-08-08 15:00:00,44032.0,3032.87,150.98
2021-08-08 16:00:00,43760.0,3010.69,148.86
2021-08-08 17:00:00,43700.0,2990.7,148.92
2021-08-08 18:00:00,43659.26,2976.69,148.86
2021-08-08 19:00:00,43745.37,2985.44,149.03
2021-08-08 20:00:00,43874.87,2992.08,148.71
2021-08-08 21:00:00,44283.32,3038.92,149.85
2021-08-08 22:00:00,44232.12,3046.58,151.2
2021-08-08 23:00:00,43829.14,3014.13,149.88
2021-08-09 00:00:00,43227.54,2936.02,146.69
2021-08-09 01:00:00,43141.34,2917.76,145.89
2021-08-09 02:00:00,43508.0,2947.0,147.13
2021-08-09 03:00:00,43532.0,2950.16,147.37
2021-08-09 04:00:00,43614.98,2956.48,148.28
2021-08-09 05:00:00,43578.53,2936.92,148.01
2021-08-09 06:00:00,43499.51,2923.5,148.3
2021-08-09 07:00:00,43840.24,2947.54,149.86
2021-08-09 08:00:00,43748.74,2965.82,150.25
2021-08-09 09:00:00,44886.93,3042.16,153.25
2021-08-09 10:00:00,45690.74,3102.62,153.97
2021-08-09 11:00:00,45981.76,3135.69,155.78
2021-08-09 12:00:00,45707.47,3133.4,155.48
2021-08-09 13:00:00,45413.05,3098.03,156.71
2021-08-09 14:00:00,45643.08,3113.3,159.77
2021-08-09 15:00:00,45909.16,3169.65,164.39
2021-08-09 16:00:00,45925.17,3160.36,166.73
2021-08-09 17:00:00,45861.38,3141.51,165.7
2021-08-09 18:00:00,46217.01,3166.09,169.04
2021-08-09 19:00:00,46005.09,3148.1,167.88
2021-08-09 20:00:00,45463.22,3069.99,164.21
2021-08-09 21:00:00,45719.21,3098.51,166.02
2021-08-09 22:00:00,46259.99,3145.78,168.55
2021-08-09 23:00:00,46285.48,3162.34,166.42
2021-08-10 00:00:00,45980.94,3123.29,163.31
2021-08-10 01:00:00,46012.0,3132.0,163.3
2021-08-10 02:00:00,46099.79,3142.58,164.95
2021-08-10 03:00:00,45718.94,3116.25,162.89
2021-08-10 04:00:00,45465.58,3100.54,161.05
2021-08-10 05:00:00,45584.35,3113.06,162.84
2021-08-10 06:00:00,45561.06,3122.85,166.05
2021-08-10 07:00:00,45964.06,3143.89,166.11
2021-08-10 08:00:00,46146.91,3165.23,165.15
2021-08-10 09:00:00,45994.16,3147.22,164.29
2021-08-10 10:00:00,45369.6,3119.19,161.86
2021-08-10 11:00:00,45364.45,3124.21,163.29
2021-08-10 12:00:00,45953.17,3181.81,167.42
2021-08-10 13:00:00,45565.36,3165.06,164.91
2021-08-10 14:00:00,45376.78,3134.85,163.49
2021-08-10 15:00:00,45195.07,3122.78,162.76
2021-08-10 16:00:00,44814.31,3072.95,159.61
2021-08-10 17:00:00,45120.17,3102.79,161.54
2021-08-10 18:00:00,45327.62,3130.22,163.52
2021-08-10 19:00:00,45521.19,3144.62,164.81
2021-08-10 20:00:00,45638.76,3157.54,167.07
2021-08-10 21:00:00,45710.34,3170.01,167.51
2021-08-10 22:00:00,45468.35,3153.45,165.03
2021-08-10 23:00:00,45595.66,3142.09,165.45
2021-08-11 00:00:00,45748.2,3168.38,167.08
2021-08-11 01:00:00,45779.6,3171.54,166.24
2021-08-11 02:00:00,45459.3,3140.09,165.74
2021-08-11 03:00:00,45587.39,3160.31,165.78
2021-08-11 04:00:00,45632.55,3167.0,166.42
2021-08-11 05:00:00,45806.21,3178.04,169.78
2021-08-11 06:00:00,46102.0,3198.39,172.12
2021-08-11 07:00:00,46364.98,3232.63,172.8
2021-08-11 08:00:00,46206.31,3217.46,171.56
2021-08-11 09:00:00,46121.69,3226.68,170.4
2021-08-11 10:00:00,46069.44,3224.64,170.82
2021-08-11 11:00:00,45947.07,3216.62,169.81
2021-08-11 12:00:00,46000.03,3220.4,170.91
2021-08-11 13:00:00,46297.28,3245.26,172.36
2021-08-11 14:00:00,46519.32,3258.63,173.28
2021-08-11 15:00:00,46482.78,3247.81,172.33
2021-08-11 16:00:00,46365.13,3239.09,173.33
2021-08-11 17:00:00,46535.31,3245.0,174.24
2021-08-11 18:00:00,46320.52,3229.35,173.47
2021-08-11 19:00:00,46465.01,3251.53,174.51
2021-08-11 20:00:00,46343.45,3236.32,174.17
2021-08-11 21:00:00,46348.26,3235.33,172.82
2021-08-11 22:00:00,45778.35,3171.97,170.07
2021-08-11 23:00:00,45553.49,3162.61,170.79
2021-08-12 00:00:00,45778.08,3188.06,176.09
2021-08-12 01:00:00,46007.24,3228.11,178.42
2021-08-12 02:00:00,46222.63,3235.6,178.69
2021-08-12 03:00:00,45947.47,3213.15,175.07
2021-08-12 04:00:00,45614.87,3175.0,172.78
2021-08-12 05:00:00,45179.68,3128.96,170.43
2021-08-12 06:00:00,45248.35,3129.86,169.68
2021-08-12 07:00:00,45273.8,3143.33,170.31
2021-08-12 08:00:00,45251.0,3131.17,169.73
2021-08-12 09:00:00,45367.93,3147.89,171.0
2021-08-12 10:00:00,45367.58,3151.06,171.18
2021-08-12 11:00:00,44767.76,3094.0,168.21
2021-08-12 12:00:00,44616.37,3101.0,166.6
2021-08-12 13:00:00,44457.87,3099.04,166.64
2021-08-12 14:00:00,44118.5,3036.73,161.98
2021-08-12 15:00:00,44216.07,3029.78,163.21
2021-08-12 16:00:00,44023.8,3003.01,163.43
2021-08-12 17:00:00,44139.29,3019.75,164.11
2021-08-12 18:00:00,44454.05,3060.45,166.23
2021-08-12 19:00:00,44409.21,3051.0,165.52
2021-08-12 20:00:00,44489.32,3068.51,166.27
2021-08-12 21:00:00,44268.97,3044.76,164.86
2021-08-12 22:00:00,43980.55,3000.21,162.62
2021-08-12 23:00:00,44422.14,3047.21,165.51
2021-08-13 00:00:00,44517.29,3063.54,167.35
2021-08-13 01:00:00,44869.76,3090.12,167.73
2021-08-13 02:00:00,45314.19,3131.67,169.39
2021-08-13 03:00:00,45179.82,3116.9,168.26
2021-08-13 04:00:00,45274.98,3122.47,169.79
2021-08-13 05:00:00,45280.5,3130.56,170.17
2021-08-13 06:00:00,45859.92,3186.59,174.87
2021-08-13 07:00:00,46119.9,3224.45,176.85
2021-08-13 08:00:00,46183.21,3236.82,181.11
2021-08-13 09:00:00,46250.26,3227.75,181.51
2021-08-13 10:00:00,46309.3,3237.28,181.57
2021-08-13 11:00:00,46170.99,3214.15,179.02
2021-08-13 12:00:00,46542.51,3235.19,181.54
2021-08-13 13:00:00,46550.01,3234.34,180.25
2021-08-13 14:00:00,46447.31,3216.17,179.05
2021-08-13 15:00:00,46374.1,3216.87,176.05
2021-08-13 16:00:00,46550.0,3241.35,177.83
2021-08-13 17:00:00,46511.18,3233.27,177.76
2021-08-13 18:00:00,46515.67,3231.63,176.86
2021-08-13 19:00:00,46484.01,3226.35,176.41
2021-08-13 20:00:00,47613.68,3282.69,181.43
2021-08-13 21:00:00,47589.78,3281.37,181.26
2021-08-13 22:00:00,47575.01,3291.04,181.24
2021-08-13 23:00:00,47833.64,3324.51,183.42
2021-08-14 00:00:00,47662.75,3306.99,182.58
2021-08-14 01:00:00,47600.01,3303.04,182.7
2021-08-14 02:00:00,47565.36,3304.5,182.12
2021-08-14 03:00:00,47571.31,3298.09,179.27
2021-08-14 04:00:00,47486.38,3283.01,178.77
2021-08-14 05:00:00,47560.75,3300.71,180.6
2021-08-14 06:00:00,47554.94,3304.76,182.18
2021-08-14 07:00:00,47644.98,3309.62,182.7
2021-08-14 08:00:00,47632.22,3301.97,182.6
2021-08-14 09:00:00,47014.39,3275.32,177.79
2021-08-14 10:00:00,46344.8,3225.42,176.53
2021-08-14 11:00:00,46608.62,3246.45,178.74
2021-08-14 12:00:00,46308.55,3223.47,177.3
2021-08-14 13:00:00,46543.98,3236.86,179.28
2021-08-14 14:00:00,46945.87,3277.37,182.74
2021-08-14 15:00:00,46980.39,3272.92,182.19
2021-08-14 16:00:00,46910.73,3262.2,181.45
2021-08-14 17:00:00,46825.39,3251.89,181.08
2021-08-14 18:00:00,46777.03,3251.35,181.1
2021-08-14 19:00:00,47080.4,3265.0,181.68
2021-08-14 20:00:00,46672.62,3232.16,178.89
2021-08-14 21:00:00,47056.94,3268.93,181.48
2021-08-14 22:00:00,46886.03,3244.28,180.42
2021-08-14 23:00:00,47109.65,3266.52,182.98
2021-08-15 00:00:00,47232.5,3276.22,186.5
2021-08-15 01:00:00,47174.26,3264.23,183.52
2021-08-15 02:00:00,47211.36,3275.01,185.13
2021-08-15 03:00:00,46914.09,3250.06,182.76
2021-08-15 04:00:00,46756.7,3250.47,181.83
2021-08-15 05:00:00,46661.0,3236.24,180.86
2021-08-15 06:00:00,46453.04,3223.43,180.04
2021-08-15 07:00:00,45779.25,3162.43,177.47
2021-08-15 08:00:00,45770.94,3152.1,178.08
2021-08-15 09:00:00,46058.68,3165.94,179.47
2021-08-15 10:00:00,45961.1,3156.38,178.23
2021-08-15 11:00:00,45957.52,3161.7,179.54
2021-08-15 12:00:00,45839.88,3155.91,177.6
2021-08-15 13:00:00,46087.79,3168.01,178.78
2021-08-15 14:00:00,45900.0,3150.0,178.37
2021-08-15 15:00:00,46199.83,3158.98,180.55
2021-08-15 16:00:00,45922.4,3147.0,179.19
2021-08-15 17:00:00,46004.56,3159.36,180.52
2021-08-15 18:00:00,46316.03,3193.0,181.31
2021-08-15 19:00:00,46380.36,3211.08,182.51
2021-08-15 20:00:00,46725.0,3262.6,183.47
2021-08-15 21:00:00,46878.12,3260.35,183.27
2021-08-15 22:00:00,47257.76,3306.01,185.89
2021-08-15 23:00:00,47014.49,3310.93,184.76
2021-08-16 00:00:00,47580.68,3314.73,186.31
2021-08-16 01:00:00,47676.57,3312.71,186.65
2021-08-16 02:00:00,48009.99,3320.25,186.88
2021-08-16 03:00:00,47384.13,3263.0,183.72
2021-08-16 04:00:00,47424.28,3281.0,185.49
2021-08-16 05:00:00,47636.19,3302.4,186.71
2021-08-16 06:00:00,47372.05,3277.33,186.38
2021-08-16 07:00:00,47332.57,3277.31,185.58
2021-08-16 08:00:00,47155.83,3270.62,185.27
2021-08-16 09:00:00,47194.49,3276.38,185.68
2021-08-16 10:00:00,47434.79,3296.36,187.06
2021-08-16 11:00:00,47554.29,3291.33,187.47
2021-08-16 12:00:00,47322.71,3285.2,186.22
2021-08-16 13:00:00,46419.17,3221.52,181.21
2021-08-16 14:00:00,46099.01,3205.2,180.24
2021-08-16 15:00:00,46369.52,3225.79,182.4
2021-08-16 16:00:00,46450.98,3224.34,184.49
2021-08-16 17:00:00,46487.0,3219.47,183.78
2021-08-16 18:00:00,46494.14,3230.12,184.0
2021-08-16 19:00:00,46098.38,3176.72,180.5
2021-08-16 20:00:00,46078.55,3165.52,179.96
2021-08-16 21:00:00,46070.61,3175.73,180.31
2021-08-16 22:00:00,46135.77,3186.01,180.94
2021-08-16 23:00:00,45902.46,3146.6,177.94
2021-08-17 00:00:00,45773.45,3135.45,176.06
2021-08-17 01:00:00,46299.01,3176.56,180.16
2021-08-17 02:00:00,46466.03,3195.0,180.62
2021-08-17 03:00:00,46438.42,3194.89,181.74
2021-08-17 04:00:00,46391.24,3194.04,182.02
2021-08-17 05:00:00,46057.16,3174.68,179.08
2021-08-17 06:00:00,45760.51,3147.07,178.1
2021-08-17 07:00:00,45958.64,3172.31,179.91
2021-08-17 08:00:00,46209.03,3183.6,180.31
2021-08-17 09:00:00,46858.55,3243.3,183.21
2021-08-17 10:00:00,46639.06,3225.6,181.77
2021-08-17 11:00:00,46872.56,3260.82,183.49
2021-08-17 12:00:00,46657.97,3240.44,181.44
2021-08-17 13:00:00,46390.72,3233.27,180.68
2021-08-17 14:00:00,45944.7,3194.92,178.22
2021-08-17 15:00:00,45720.14,3165.16,176.58
2021-08-17 16:00:00,45650.0,3152.17,176.0
2021-08-17 17:00:00,45799.34,3167.76,177.27
2021-08-17 18:00:00,45746.97,3160.39,177.16
2021-08-17 19:00:00,45462.2,3117.64,175.28
2021-08-17 20:00:00,44984.51,3071.48,173.19
2021-08-17 21:00:00,44766.39,3026.92,170.69
2021-08-17 22:00:00,44914.1,3051.62,171.8
2021-08-17 23:00:00,44671.58,3011.01,168.54
2021-08-18 00:00:00,44813.67,3020.66,167.53
2021-08-18 01:00:00,45140.28,3043.91,168.18
2021-08-18 02:00:00,44938.69,3033.73,167.39
2021-08-18 03:00:00,45071.56,3050.22,168.92
2021-08-18 04:00:00,45082.92,3045.47,168.3
2021-08-18 05:00:00,45452.51,3084.14,171.18
2021-08-18 06:00:00,45414.83,3071.47,170.7
2021-08-18 07:00:00,44967.2,3031.2,168.75
2021-08-18 08:00:00,45261.26,3044.72,169.89
2021-08-18 09:00:00,45382.79,3054.86,170.54
2021-08-18 10:00:00,45200.95,3035.22,168.89
2021-08-18 11:00:00,44758.6,3001.02,166.21
2021-08-18 12:00:00,45007.88,3028.95,169.34
2021-08-18 13:00:00,45270.01,3056.97,169.93
2021-08-18 14:00:00,45422.71,3076.08,170.9
2021-08-18 15:00:00,45835.43,3113.11,173.86
2021-08-18 16:00:00,45897.24,3123.11,173.93
2021-08-18 17:00:00,45838.34,3108.7,173.74
2021-08-18 18:00:00,45420.12,3057.47,171.42
2021-08-18 19:00:00,44923.97,3032.03,167.93
2021-08-18 20:00:00,44540.23,3008.58,165.15
2021-08-18 21:00:00,44599.05,3005.18,165.56
2021-08-18 22:00:00,44874.6,3039.53,168.04
2021-08-18 23:00:00,44707.98,3014.38,166.6
2021-08-19 00:00:00,45050.01,3045.0,169.29
2021-08-19 01:00:00,44966.23,3027.1,168.13
2021-08-19 02:00:00,44596.96,3007.67,166.93
2021-08-19 03:00:00,44056.08,2967.45,165.19
2021-08-19 04:00:00,44137.43,2983.09,165.92
2021-08-19 05:00:00,44414.22,3006.56,167.38
2021-08-19 06:00:00,44383.65,2996.92,166.03
2021-08-19 07:00:00,44666.57,2995.43,165.97
2021-08-19 08:00:00,44713.21,3003.53,167.31
2021-08-19 09:00:00,44772.58,3003.13,167.27
2021-08-19 10:00:00,44376.81,2982.8,164.3
2021-08-19 11:00:00,44231.34,2975.38,163.73
2021-08-19 12:00:00,44568.82,2997.99,165.55
2021-08-19 13:00:00,44984.12,3021.55,167.21
2021-08-19 14:00:00,45472.62,3044.86,169.8
2021-08-19 15:00:00,45793.99,3068.39,170.95
2021-08-19 16:00:00,45609.01,3046.94,169.47
2021-08-19 17:00:00,45724.72,3049.46,170.58
2021-08-19 18:00:00,46582.73,3133.3,174.47
2021-08-19 19:00:00,46706.0,3147.79,174.2
2021-08-19 20:00:00,46591.79,3158.16,174.01
2021-08-19 21:00:00,46603.6,3163.63,174.15
2021-08-19 22:00:00,46811.19,3169.69,174.82
2021-08-19 23:00:00,46765.87,3184.21,175.57
2021-08-20 00:00:00,47140.81,3229.0,176.39
2021-08-20 01:00:00,47205.49,3237.99,176.6
2021-08-20 02:00:00,47158.69,3231.53,176.4
2021-08-20 03:00:00,47049.21,3217.39,175.65
2021-08-20 04:00:00,47097.8,3222.84,175.95
2021-08-20 05:00:00,47153.5,3225.58,176.69
2021-08-20 06:00:00,47171.22,3228.49,176.68
2021-08-20 07:00:00,46820.44,3216.4,175.17
2021-08-20 08:00:00,46898.71,3199.68,175.37
2021-08-20 09:00:00,47200.01,3209.0,176.42
2021-08-20 10:00:00,47234.81,3218.59,177.32
2021-08-20 11:00:00,46931.01,3205.0,175.74
2021-08-20 12:00:00,47176.75,3237.87,178.62
2021-08-20 13:00:00,47801.23,3260.72,180.82
2021-08-20 14:00:00,48584.98,3281.85,182.83
2021-08-20 15:00:00,48739.29,3284.27,182.81
2021-08-20 16:00:00,48785.0,3266.24,181.72
2021-08-20 17:00:00,48691.2,3252.78,181.43
2021-08-20 18:00:00,48469.85,3236.0,180.68
2021-08-20 19:00:00,48706.49,3254.43,180.9
2021-08-20 20:00:00,48666.99,3260.01,180.73
2021-08-20 21:00:00,49356.25,3292.83,182.6
2021-08-20 22:00:00,49231.93,3261.45,182.18
2021-08-20 23:00:00,49342.4,3286.58,183.67
2021-08-21 00:00:00,48906.39,3243.34,180.64
2021-08-21 01:00:00,49073.58,3266.77,181.65
2021-08-21 02:00:00,48874.45,3265.96,182.12
2021-08-21 03:00:00,48855.0,3278.9,182.82
2021-08-21 04:00:00,48642.72,3271.92,181.5
2021-08-21 05:00:00,48873.04,3291.82,182.46
2021-08-21 06:00:00,48707.73,3278.16,181.57
2021-08-21 07:00:00,48969.85,3295.28,182.84
2021-08-21 08:00:00,48906.61,3289.28,182.46
2021-08-21 09:00:00,48842.24,3283.84,182.12
2021-08-21 10:00:00,49320.67,3298.08,183.75
2021-08-21 11:00:00,48552.01,3252.84,179.87
2021-08-21 12:00:00,49245.94,3292.49,182.25
2021-08-21 13:00:00,49170.54,3284.61,182.0
2021-08-21 14:00:00,49040.16,3260.51,180.77
2021-08-21 15:00:00,49234.42,3275.14,182.03
2021-08-21 16:00:00,49537.41,3289.98,182.68
2021-08-21 17:00:00,49698.55,3279.85,181.88
2021-08-21 18:00:00,49510.99,3264.43,179.49
2021-08-21 19:00:00,49012.38,3219.53,177.74
2021-08-21 20:00:00,49028.29,3231.75,178.32
2021-08-21 21:00:00,49193.83,3253.8,179.51
2021-08-21 22:00:00,49380.28,3254.61,181.9
2021-08-21 23:00:00,48867.02,3226.73,179.83
2021-08-22 00:00:00,49000.01,3247.39,183.25
2021-08-22 01:00:00,49069.46,3251.96,182.81
2021-08-22 02:00:00,48874.19,3231.65,182.3
2021-08-22 03:00:00,48829.17,3229.21,182.25
2021-08-22 04:00:00,49150.01,3247.62,188.11
2021-08-22 05:00:00,49169.03,3231.14,188.26
2021-08-22 06:00:00,49207.99,3258.52,188.89
2021-08-22 07:00:00,49234.03,3265.31,188.66
2021-08-22 08:00:00,49037.5,3252.83,187.86
2021-08-22 09:00:00,49257.12,3267.04,189.25
2021-08-22 10:00:00,49161.35,3252.52,187.8
2021-08-22 11:00:00,49169.35,3257.94,188.08
2021-08-22 12:00:00,48904.15,3238.71,185.75
2021-08-22 13:00:00,48915.07,3235.77,185.6
2021-08-22 14:00:00,48289.17,3168.42,180.18
2021-08-22 15:00:00,48569.79,3184.0,182.37
2021-08-22 16:00:00,48669.41,3180.39,182.12
2021-08-22 17:00:00,48724.99,3178.79,181.7
2021-08-22 18:00:00,48411.36,3153.55,180.76
2021-08-22 19:00:00,48698.83,3177.64,181.02
2021-08-22 20:00:00,48420.21,3155.05,179.64
2021-08-22 21:00:00,48734.97,3170.31,181.16
2021-08-22 22:00:00,49301.6,3218.23,183.45
2021-08-22 23:00:00,49284.63,3241.42,185.97
2021-08-23 00:00:00,49457.73,3252.66,186.5
2021-08-23 01:00:00,49870.01,3263.01,187.62
2021-08-23 02:00:00,50086.24,3298.91,189.55
2021-08-23 03:00:00,50296.32,3343.61,188.81
2021-08-23 04:00:00,50338.18,3349.55,189.39
2021-08-23 05:00:00,50253.53,3331.77,188.9
2021-08-23 06:00:00,50185.3,3329.72,187.87
2021-08-23 07:00:00,50163.41,3325.65,187.95
2021-08-23 08:00:00,50275.64,3336.3,189.35
2021-08-23 09:00:00,50338.99,3352.32,190.13
2021-08-23 10:00:00,50259.99,3333.29,189.22
2021-08-23 11:00:00,50431.57,3345.89,190.32
2021-08-23 12:00:00,50303.44,3342.38,189.86
2021-08-23 13:00:00,50179.4,3346.99,188.89
2021-08-23 14:00:00,49733.16,3313.35,186.46
2021-08-23 15:00:00,49554.72,3327.43,186.5
2021-08-23 16:00:00,49706.27,3352.95,188.49
2021-08-23 17:00:00,49428.49,3330.86,186.78
2021-08-23 18:00:00,49461.49,3329.34,186.68
2021-08-23 19:00:00,49251.65,3310.12,185.27
2021-08-23 20:00:00,49521.97,3339.71,186.17
2021-08-23 21:00:00,49584.86,3341.0,186.6
2021-08-23 22:00:00,49678.38,3335.86,187.17
2021-08-23 23:00:00,49506.5,3323.12,187.08
2021-08-24 00:00:00,49232.99,3310.96,185.29
2021-08-24 01:00:00,48985.75,3294.34,183.5
2021-08-24 02:00:00,49224.27,3307.45,184.85
2021-08-24 03:00:00,49360.56,3326.21,185.23
2021-08-24 04:00:00,49506.58,3336.79,186.28
2021-08-24 05:00:00,49592.04,3335.8,186.25
2021-08-24 06:00:00,49811.09,3352.02,187.32
2021-08-24 07:00:00,49800.81,3349.42,187.6
2021-08-24 08:00:00,49703.52,3335.5,186.8
2021-08-24 09:00:00,49622.35,3327.69,187.03
2021-08-24 10:00:00,49308.44,3310.02,185.37
2021-08-24 11:00:00,49454.29,3325.01,186.16
2021-08-24 12:00:00,49349.99,3318.98,184.8
2021-08-24 13:00:00,48604.19,3249.9,181.42
2021-08-24 14:00:00,48522.41,3238.32,180.24
2021-08-24 15:00:00,48300.7,3212.02,177.26
2021-08-24 16:00:00,47950.01,3166.9,173.9
2021-08-24 17:00:00,48009.94,3178.31,175.09
2021-08-24 18:00:00,48187.81,3188.88,175.3
2021-08-24 19:00:00,48251.58,3218.38,176.3
2021-08-24 20:00:00,48347.09,3218.41,176.94
2021-08-24 21:00:00,48209.25,3199.03,175.16
2021-08-24 22:00:00,48344.16,3215.72,177.67
2021-08-24 23:00:00,47682.45,3171.52,173.54
2021-08-25 00:00:00,48019.81,3195.11,175.99
2021-08-25 01:00:00,48177.31,3203.96,176.34
2021-08-25 02:00:00,48218.31,3205.64,176.95
2021-08-25 03:00:00,47996.77,3176.41,173.94
2021-08-25 04:00:00,48022.29,3175.91,173.95
2021-08-25 05:00:00,48539.26,3212.77,177.92
2021-08-25 06:00:00,48325.21,3201.64,177.36
2021-08-25 07:00:00,48147.78,3184.35,175.69
2021-08-25 08:00:00,47282.72,3104.6,170.78
2021-08-25 09:00:00,47257.35,3098.19,170.2
2021-08-25 10:00:00,47487.88,3125.21,171.84
2021-08-25 11:00:00,47580.56,3140.39,172.5
2021-08-25 12:00:00,47794.33,3150.68,174.21
2021-08-25 13:00:00,47675.95,3134.09,173.67
2021-08-25 14:00:00,48465.0,3188.68,176.62
2021-08-25 15:00:00,48824.36,3218.84,178.03
2021-08-25 16:00:00,48730.79,3216.28,177.51
2021-08-25 17:00:00,48847.26,3226.02,177.68
2021-08-25 18:00:00,48936.41,3232.56,178.26
2021-08-25 19:00:00,48659.54,3215.92,176.75
2021-08-25 20:00:00,48702.92,3208.21,176.89
2021-08-25 21:00:00,49090.18,3223.1,177.94
2021-08-25 22:00:00,48914.27,3219.56,177.27
2021-08-25 23:00:00,48987.33,3228.51,177.98
2021-08-26 00:00:00,49295.63,3247.32,179.53
2021-08-26 01:00:00,48743.06,3211.51,176.36
2021-08-26 02:00:00,48709.53,3214.43,176.6
2021-08-26 03:00:00,47924.73,3149.7,171.82
2021-08-26 04:00:00,47894.22,3158.97,171.92
2021-08-26 05:00:00,47070.0,3120.41,170.47
2021-08-26 06:00:00,46869.61,3092.61,170.08
2021-08-26 07:00:00,46893.58,3104.83,169.44
2021-08-26 08:00:00,46922.98,3101.09,170.55
2021-08-26 09:00:00,46794.89,3084.74,169.48
2021-08-26 10:00:00,46991.1,3100.55,170.74
2021-08-26 11:00:00,46860.55,3088.07,169.46
2021-08-26 12:00:00,46951.91,3100.0,169.8
2021-08-26 13:00:00,47215.33,3126.21,171.41
2021-08-26 14:00:00,46840.83,3117.99,169.34
2021-08-26 15:00:00,46796.83,3104.81,168.11
2021-08-26 16:00:00,46912.97,3111.5,168.05
2021-08-26 17:00:00,46965.06,3112.5,168.85
2021-08-26 18:00:00,47006.18,3123.22,168.63
2021-08-26 19:00:00,46937.1,3110.17,168.27
2021-08-26 20:00:00,47046.22,3119.54,170.0
2021-08-26 21:00:00,47278.29,3137.25,170.03
2021-08-26 22:00:00,47190.15,3126.83,170.2
2021-08-26 23:00:00,46851.47,3093.2,167.74
2021-08-27 00:00:00,47259.92,3113.61,169.25
2021-08-27 01:00:00,47254.9,3120.76,169.68
2021-08-27 02:00:00,47235.04,3109.99,168.88
2021-08-27 03:00:00,46833.77,3095.22,167.56
2021-08-27 04:00:00,46925.94,3102.43,166.85
2021-08-27 05:00:00,47122.8,3111.89,168.51
2021-08-27 06:00:00,47187.98,3109.11,169.07
2021-08-27 07:00:00,47496.8,3128.25,169.62
2021-08-27 08:00:00,47193.91,3113.18,168.82
2021-08-27 09:00:00,47218.01,3111.95,168.64
2021-08-27 10:00:00,47438.86,3121.12,169.01
2021-08-27 11:00:00,47470.67,3158.12,170.37
2021-08-27 12:00:00,47358.03,3157.01,169.92
2021-08-27 13:00:00,47307.61,3167.92,169.36
2021-08-27 14:00:00,48135.74,3229.66,173.81
2021-08-27 15:00:00,48212.66,3241.18,174.12
2021-08-27 16:00:00,48211.46,3234.04,173.84
2021-08-27 17:00:00,48204.62,3235.0,174.07
2021-08-27 18:00:00,48351.95,3232.27,173.99
2021-08-27 19:00:00,48328.91,3234.43,173.06
2021-08-27 20:00:00,48930.17,3265.64,175.08
2021-08-27 21:00:00,48998.58,3276.6,175.82
2021-08-27 22:00:00,49017.06,3275.7,175.67
2021-08-27 23:00:00,49077.57,3274.67,176.32
2021-08-28 00:00:00,49269.46,3270.29,175.68
2021-08-28 01:00:00,49165.17,3261.78,175.33
2021-08-28 02:00:00,48956.52,3246.33,174.67
2021-08-28 03:00:00,48873.84,3246.37,174.13
2021-08-28 04:00:00,48974.64,3249.3,174.07
2021-08-28 05:00:00,48888.76,3242.93,173.89
2021-08-28 06:00:00,49028.91,3247.31,175.6
2021-08-28 07:00:00,48976.41,3231.95,174.58
2021-08-28 08:00:00,48940.01,3240.3,174.36
2021-08-28 09:00:00,48945.89,3248.6,173.98
2021-08-28 10:00:00,48860.39,3241.44,173.42
2021-08-28 11:00:00,48701.84,3223.67,172.71
2021-08-28 12:00:00,48908.98,3242.07,174.68
2021-08-28 13:00:00,48767.15,3231.84,173.46
2021-08-28 14:00:00,48674.43,3229.98,172.6
2021-08-28 15:00:00,48848.0,3249.07,173.14
2021-08-28 16:00:00,48999.54,3249.77,173.95
2021-08-28 17:00:00,49039.27,3246.94,173.82
2021-08-28 18:00:00,48826.25,3242.27,172.61
2021-08-28 19:00:00,48682.9,3232.07,172.13
2021-08-28 20:00:00,48763.42,3239.21,172.76
2021-08-28 21:00:00,48977.59,3250.12,173.69
2021-08-28 22:00:00,48727.93,3236.02,175.28
2021-08-28 23:00:00,48942.94,3247.99,175.75
2021-08-29 00:00:00,49585.36,3285.18,180.24
2021-08-29 01:00:00,49387.61,3272.5,181.82
2021-08-29 02:00:00,48612.45,3231.38,178.41
2021-08-29 03:00:00,48259.01,3182.34,176.62
2021-08-29 04:00:00,48183.83,3181.39,177.02
2021-08-29 05:00:00,48350.46,3193.43,177.57
2021-08-29 06:00:00,48461.35,3194.41,178.73
2021-08-29 07:00:00,48536.5,3208.67,179.18
2021-08-29 08:00:00,48528.08,3208.95,178.65
2021-08-29 09:00:00,48603.27,3205.22,178.82
2021-08-29 10:00:00,48563.27,3204.86,178.19
2021-08-29 11:00:00,48183.6,3183.39,175.82
2021-08-29 12:00:00,48386.84,3197.54,176.98
2021-08-29 13:00:00,48351.73,3189.04,175.98
2021-08-29 14:00:00,48263.12,3176.08,174.08
2021-08-29 15:00:00,48516.71,3189.89,174.67
2021-08-29 16:00:00,48710.0,3207.53,175.46
2021-08-29 17:00:00,48820.43,3206.69,174.89
2021-08-29 18:00:00,48791.1,3207.85,174.78
2021-08-29 19:00:00,48828.65,3222.96,175.27
2021-08-29 20:00:00,48926.09,3238.88,175.59
2021-08-29 21:00:00,48933.04,3244.46,176.65
2021-08-29 22:00:00,49148.35,3237.71,176.01
2021-08-29 23:00:00,48802.58,3226.46,174.48
2021-08-30 00:00:00,48435.52,3193.16,172.81
2021-08-30 01:00:00,48517.23,3207.37,173.37
2021-08-30 02:00:00,48418.85,3198.36,173.71
2021-08-30 03:00:00,47993.26,3164.05,172.37
2021-08-30 04:00:00,47897.69,3166.41,172.05
2021-08-30 05:00:00,48033.09,3172.77,172.23
2021-08-30 06:00:00,47985.45,3171.4,172.06
2021-08-30 07:00:00,47963.54,3182.19,172.82
2021-08-30 08:00:00,48102.9,3195.66,173.55
2021-08-30 09:00:00,47945.86,3183.1,172.63
2021-08-30 10:00:00,48032.26,3194.05,173.24
2021-08-30 11:00:00,47931.11,3189.2,172.5
2021-08-30 12:00:00,47591.71,3160.4,168.75
2021-08-30 13:00:00,47797.97,3179.02,169.77
2021-08-30 14:00:00,47715.04,3171.38,168.43
2021-08-30 15:00:00,48050.0,3219.99,171.34
2021-08-30 16:00:00,48197.42,3270.31,172.26
2021-08-30 17:00:00,48339.45,3294.44,173.26
2021-08-30 18:00:00,48524.03,3326.32,173.86
2021-08-30 19:00:00,48646.0,3342.84,175.86
2021-08-30 20:00:00,48647.85,3340.59,174.91
2021-08-30 21:00:00,48399.8,3333.1,174.14
2021-08-30 22:00:00,47634.81,3284.76,171.36
2021-08-30 23:00:00,46993.71,3229.01,167.34
2021-08-31 00:00:00,46865.1,3214.51,166.96
2021-08-31 01:00:00,46892.28,3215.62,167.28
2021-08-31 02:00:00,47037.08,3220.84,167.77
2021-08-31 03:00:00,47153.14,3239.08,168.82
2021-08-31 04:00:00,47056.72,3230.15,168.69
2021-08-31 05:00:00,47149.8,3238.32,169.08
2021-08-31 06:00:00,47001.0,3233.38,168.24
2021-08-31 07:00:00,47779.06,3359.89,172.66
2021-08-31 08:00:00,47744.2,3348.0,172.71
2021-08-31 09:00:00,47405.99,3336.0,171.54
2021-08-31 10:00:00,47434.24,3333.82,170.77
2021-08-31 11:00:00,47988.0,3431.96,174.94
2021-08-31 12:00:00,47826.0,3418.08,173.6
2021-08-31 13:00:00,47889.79,3434.01,174.0
2021-08-31 14:00:00,47265.29,3378.48,169.94
2021-08-31 15:00:00,47406.68,3389.0,170.96
2021-08-31 16:00:00,47376.0,3389.36,172.39
2021-08-31 17:00:00,47120.98,3366.04,171.42
2021-08-31 18:00:00,47315.35,3416.21,174.1
2021-08-31 19:00:00,47295.57,3416.4,173.02
2021-08-31 20:00:00,46999.99,3392.52,171.82
2021-08-31 21:00:00,46943.34,3402.09,170.71
2021-08-31 22:00:00,47089.72,3413.18,170.67
2021-08-31 23:00:00,47112.5,3430.23,171.57
2021-09-01 00:00:00,46774.62,3400.52,169.33
2021-09-01 01:00:00,46866.53,3426.3,171.01
2021-09-01 02:00:00,46890.4,3422.79,171.7
2021-09-01 03:00:00,47046.18,3445.38,172.14
2021-09-01 04:00:00,47158.9,3461.59,172.55
2021-09-01 05:00:00,47453.76,3527.71,173.64
2021-09-01 06:00:00,47324.18,3521.32,172.43
2021-09-01 07:00:00,47189.26,3518.69,172.74
2021-09-01 08:00:00,47366.76,3533.8,173.92
2021-09-01 09:00:00,47660.29,3541.41,174.66
2021-09-01 10:00:00,47531.99,3546.28,174.05
2021-09-01 11:00:00,47734.52,3533.54,174.76
2021-09-01 12:00:00,47727.03,3539.3,174.35
2021-09-01 13:00:00,47483.57,3537.47,174.64
2021-09-01 14:00:00,47294.09,3532.0,175.15
2021-09-01 15:00:00,47513.78,3583.84,176.71
2021-09-01 16:00:00,48486.85,3742.41,179.52
2021-09-01 17:00:00,48743.43,3694.48,179.01
2021-09-01 18:00:00,48666.1,3698.23,179.2
2021-09-01 19:00:00,48160.88,3714.87,179.02
2021-09-01 20:00:00,48271.65,3730.12,180.18
2021-09-01 21:00:00,48449.56,3770.83,182.11
2021-09-01 22:00:00,48425.09,3762.06,180.65
2021-09-01 23:00:00,48839.86,3829.39,180.86
2021-09-02 00:00:00,48800.71,3779.84,180.23
2021-09-02 01:00:00,49725.01,3773.6,182.63
2021-09-02 02:00:00,49594.58,3743.91,182.5
2021-09-02 03:00:00,49579.14,3765.04,182.3
2021-09-02 04:00:00,49401.21,3760.53,182.52
2021-09-02 05:00:00,49474.03,3759.0,182.98
2021-09-02 06:00:00,49981.73,3754.8,184.93
2021-09-02 07:00:00,49883.75,3735.55,182.63
2021-09-02 08:00:00,50125.87,3748.83,183.47
2021-09-02 09:00:00,49841.97,3741.1,182.59
2021-09-02 10:00:00,50062.61,3761.96,184.87
2021-09-02 11:00:00,50101.05,3762.67,186.88
2021-09-02 12:00:00,50030.79,3776.32,185.59
2021-09-02 13:00:00,50150.97,3795.78,185.58
2021-09-02 14:00:00,49546.67,3766.99,181.74
2021-09-02 15:00:00,49568.2,3757.2,182.47
2021-09-02 16:00:00,49606.0,3785.0,184.41
2021-09-02 17:00:00,49530.02,3799.9,185.14
2021-09-02 18:00:00,49389.56,3778.92,185.22
2021-09-02 19:00:00,49347.59,3785.81,185.91
2021-09-02 20:00:00,49569.65,3809.6,187.71
2021-09-02 21:00:00,49843.46,3830.96,187.53
2021-09-02 22:00:00,49709.48,3805.44,186.48
2021-09-02 23:00:00,49279.37,3787.97,183.39
2021-09-03 00:00:00,48596.64,3731.29,181.25
2021-09-03 01:00:00,48575.0,3744.38,181.56
2021-09-03 02:00:00,48995.96,3773.7,184.12
2021-09-03 03:00:00,49503.98,3807.36,185.65
2021-09-03 04:00:00,49727.89,3810.74,187.27
2021-09-03 05:00:00,49471.1,3797.57,186.68
2021-09-03 06:00:00,49413.66,3791.58,185.57
2021-09-03 07:00:00,49315.15,3797.02,184.22
2021-09-03 08:00:00,50005.31,3890.53,188.02
2021-09-03 09:00:00,50118.49,3966.62,191.29
2021-09-03 10:00:00,49869.74,3951.89,190.51
2021-09-03 11:00:00,50183.06,3954.56,195.11
2021-09-03 12:00:00,50660.96,3951.26,197.44
2021-09-03 13:00:00,50738.53,3965.24,199.91
2021-09-03 14:00:00,50726.17,3980.56,205.18
2021-09-03 15:00:00,50584.92,3969.83,206.8
2021-09-03 16:00:00,50511.58,3971.72,207.64
2021-09-03 17:00:00,50414.46,3964.66,213.47
2021-09-03 18:00:00,50473.98,3953.36,216.94
2021-09-03 19:00:00,50541.89,3945.1,214.59
2021-09-03 20:00:00,50136.79,3916.31,212.42
2021-09-03 21:00:00,50245.77,3935.2,213.74
2021-09-03 22:00:00,49707.19,3887.85,208.55
2021-09-03 23:00:00,50025.0,3940.06,213.28
2021-09-04 00:00:00,49945.1,3942.7,213.93
2021-09-04 01:00:00,49709.62,3920.01,209.86
2021-09-04 02:00:00,50139.66,3944.11,213.05
2021-09-04 03:00:00,50298.36,3918.96,213.5
2021-09-04 04:00:00,50346.13,3906.77,211.15
2021-09-04 05:00:00,50300.0,3926.14,211.76
2021-09-04 06:00:00,50343.03,3922.57,214.05
2021-09-04 07:00:00,50203.64,3916.22,213.68
2021-09-04 08:00:00,50113.11,3933.36,223.39
2021-09-04 09:00:00,50443.5,3929.09,221.16
2021-09-04 10:00:00,49806.31,3906.73,215.54
2021-09-04 11:00:00,49937.82,3889.04,217.54
2021-09-04 12:00:00,50259.68,3917.41,219.81
2021-09-04 13:00:00,50218.6,3912.32,219.73
2021-09-04 14:00:00,50000.28,3905.39,218.08
2021-09-04 15:00:00,49908.59,3920.48,216.53
2021-09-04 16:00:00,49849.91,3903.64,213.94
2021-09-04 17:00:00,49992.59,3881.23,214.21
2021-09-04 18:00:00,49918.37,3861.45,212.12
2021-09-04 19:00:00,50015.01,3861.45,210.83
2021-09-04 20:00:00,50190.67,3880.89,214.19
2021-09-04 21:00:00,50244.15,3891.73,213.92
2021-09-04 22:00:00,49892.71,3886.41,212.52
2021-09-04 23:00:00,49942.98,3887.53,212.12
2021-09-05 00:00:00,50186.7,3906.57,216.85
2021-09-05 01:00:00,50124.41,3895.24,215.84
2021-09-05 02:00:00,50122.91,3892.81,216.91
2021-09-05 03:00:00,49699.19,3847.16,213.29
2021-09-05 04:00:00,49857.36,3872.96,214.38
2021-09-05 05:00:00,49721.44,3863.78,212.85
2021-09-05 06:00:00,49882.65,3878.37,214.43
2021-09-05 07:00:00,49889.99,3873.51,214.7
2021-09-05 08:00:00,50181.83,3920.01,218.25
2021-09-05 09:00:00,50163.59,3930.47,217.58
2021-09-05 10:00:00,50030.35,3923.38,216.08
2021-09-05 11:00:00,50226.87,3926.88,217.78
2021-09-05 12:00:00,50139.16,3934.03,221.65
2021-09-05 13:00:00,50210.31,3932.95,225.81
2021-09-05 14:00:00,50270.5,3921.16,226.28
2021-09-05 15:00:00,50244.18,3909.9,225.18
2021-09-05 16:00:00,50394.24,3917.84,226.59
2021-09-05 17:00:00,50329.69,3929.61,224.9
2021-09-05 18:00:00,50385.84,3924.1,224.51
2021-09-05 19:00:00,50699.99,3929.68,223.38
2021-09-05 20:00:00,51671.43,3970.01,225.33
2021-09-05 21:00:00,51738.96,3953.74,226.09
2021-09-05 22:00:00,51855.31,3949.44,225.49
2021-09-05 23:00:00,51789.17,3952.17,232.3
2021-09-06 00:00:00,51786.44,3933.58,228.4
2021-09-06 01:00:00,51835.01,3929.1,227.09
2021-09-06 02:00:00,51695.05,3920.5,224.73
2021-09-06 03:00:00,51629.96,3906.48,224.8
2021-09-06 04:00:00,51722.74,3924.04,226.12
2021-09-06 05:00:00,51791.02,3932.34,227.33
2021-09-06 06:00:00,51874.8,3934.88,228.45
2021-09-06 07:00:00,51824.81,3945.98,228.9
2021-09-06 08:00:00,51694.25,3961.6,228.43
2021-09-06 09:00:00,51859.1,3959.12,230.65
2021-09-06 10:00:00,51830.35,3950.13,231.11
2021-09-06 11:00:00,51428.01,3905.59,223.66
2021-09-06 12:00:00,51387.56,3906.22,221.58
2021-09-06 13:00:00,51492.85,3917.47,222.39
2021-09-06 14:00:00,51720.98,3941.19,223.4
2021-09-06 15:00:00,51620.01,3926.81,221.19
2021-09-06 16:00:00,51568.72,3927.34,221.66
2021-09-06 17:00:00,51695.75,3934.61,221.99
2021-09-06 18:00:00,51859.34,3949.48,222.91
2021-09-06 19:00:00,51747.04,3938.73,220.37
2021-09-06 20:00:00,51951.38,3952.99,222.33
2021-09-06 21:00:00,52119.1,3955.27,222.56
2021-09-06 22:00:00,52611.58,3941.6,220.46
2021-09-06 23:00:00,52698.81,3928.89,219.47
2021-09-07 00:00:00,52532.67,3901.22,215.97
2021-09-07 01:00:00,52523.69,3920.21,218.28
2021-09-07 02:00:00,52722.74,3934.04,219.9
2021-09-07 03:00:00,52675.61,3914.8,219.22
2021-09-07 04:00:00,52539.52,3917.61,218.87
2021-09-07 05:00:00,52681.95,3922.42,220.46
2021-09-07 06:00:00,52361.62,3901.01,216.82
2021-09-07 07:00:00,52350.85,3884.84,216.76
2021-09-07 08:00:00,51203.22,3756.98,209.87
2021-09-07 09:00:00,50862.12,3713.55,205.31
2021-09-07 10:00:00,51129.63,3764.29,207.6
2021-09-07 11:00:00,50958.64,3750.95,206.84
2021-09-07 12:00:00,50978.86,3754.03,207.42
2021-09-07 13:00:00,50593.5,3730.41,203.57
2021-09-07 14:00:00,47501.01,3406.17,184.06
2021-09-07 15:00:00,46755.6,3463.49,180.07
2021-09-07 16:00:00,47515.07,3570.17,185.8
2021-09-07 17:00:00,46662.73,3429.1,181.78
2021-09-07 18:00:00,46974.62,3449.94,180.06
2021-09-07 19:00:00,46710.51,3414.84,177.64
2021-09-07 20:00:00,46820.22,3415.72,177.28
2021-09-07 21:00:00,46577.01,3377.29,174.36
2021-09-07 22:00:00,46819.0,3439.16,178.33
2021-09-07 23:00:00,46894.5,3436.96,178.36
2021-09-08 00:00:00,47059.15,3461.56,179.18
2021-09-08 01:00:00,47215.01,3526.37,181.39
2021-09-08 02:00:00,47091.04,3499.24,180.72
2021-09-08 03:00:00,46481.83,3433.32,178.78
2021-09-08 04:00:00,46452.22,3441.48,182.43
2021-09-08 05:00:00,46096.98,3412.56,179.29
2021-09-08 06:00:00,45160.13,3297.31,172.7
2021-09-08 07:00:00,45075.97,3259.72,171.93
2021-09-08 08:00:00,45993.27,3362.2,177.83
2021-09-08 09:00:00,46269.21,3372.5,181.97
2021-09-08 10:00:00,46469.94,3394.52,181.82
2021-09-08 11:00:00,46426.09,3408.71,182.62
2021-09-08 12:00:00,46271.68,3405.3,182.56
2021-09-08 13:00:00,46324.11,3407.64,182.84
2021-09-08 14:00:00,45827.09,3376.3,178.96
2021-09-08 15:00:00,46094.73,3420.94,181.0
2021-09-08 16:00:00,46431.88,3489.81,182.85
2021-09-08 17:00:00,46219.93,3479.94,181.25
2021-09-08 18:00:00,46520.51,3538.5,183.68
2021-09-08 19:00:00,46453.95,3524.42,182.41
2021-09-08 20:00:00,46059.11,3472.54,179.75
2021-09-08 21:00:00,46055.64,3460.41,178.44
2021-09-08 22:00:00,46613.61,3536.04,181.94
2021-09-08 23:00:00,46060.36,3500.34,179.7
2021-09-09 00:00:00,46349.56,3515.82,182.07
2021-09-09 01:00:00,46110.7,3493.46,179.11
2021-09-09 02:00:00,45744.92,3449.0,177.76
2021-09-09 03:00:00,46005.34,3469.62,179.87
2021-09-09 04:00:00,46168.46,3485.04,180.8
2021-09-09 05:00:00,46306.69,3506.0,183.85
2021-09-09 06:00:00,46149.29,3487.5,182.73
2021-09-09 07:00:00,46280.67,3499.74,183.32
2021-09-09 08:00:00,46282.3,3529.51,184.33
2021-09-09 09:00:00,46164.22,3497.91,183.22
2021-09-09 10:00:00,46165.15,3470.43,181.34
2021-09-09 11:00:00,46320.66,3481.5,183.26
2021-09-09 12:00:00,46673.26,3491.89,184.0
2021-09-09 13:00:00,46903.88,3512.59,186.2
2021-09-09 14:00:00,46954.22,3523.87,186.5
2021-09-09 15:00:00,47014.18,3524.14,186.55
2021-09-09 16:00:00,47217.73,3541.18,186.94
2021-09-09 17:00:00,46775.51,3514.21,184.54
2021-09-09 18:00:00,46641.78,3473.1,183.04
2021-09-09 19:00:00,46580.14,3464.28,181.94
2021-09-09 20:00:00,46251.64,3430.96,180.34
2021-09-09 21:00:00,46492.78,3458.05,181.72
2021-09-09 22:00:00,46520.03,3449.82,181.42
2021-09-09 23:00:00,46400.0,3424.95,180.42
2021-09-10 00:00:00,46586.96,3451.37,183.04
2021-09-10 01:00:00,46910.24,3500.26,186.46
2021-09-10 02:00:00,46681.15,3472.07,184.6
2021-09-10 03:00:00,46729.94,3464.84,183.87
2021-09-10 04:00:00,46565.1,3452.55,183.0
2021-09-10 05:00:00,46697.74,3454.87,184.11
2021-09-10 06:00:00,46390.36,3418.94,181.72
2021-09-10 07:00:00,46171.23,3402.26,180.13
2021-09-10 08:00:00,45997.69,3375.58,179.31
2021-09-10 09:00:00,46223.44,3401.01,181.14
2021-09-10 10:00:00,46246.06,3403.64,181.42
2021-09-10 11:00:00,46339.42,3401.21,181.46
2021-09-10 12:00:00,45919.36,3373.05,181.14
2021-09-10 13:00:00,45842.73,3325.44,178.7
2021-09-10 14:00:00,45124.49,3253.66,172.83
2021-09-10 15:00:00,45426.72,3299.16,176.0
2021-09-10 16:00:00,45478.16,3296.71,175.21
2021-09-10 17:00:00,45718.54,3333.42,176.88
2021-09-10 18:00:00,45718.01,3328.24,177.32
2021-09-10 19:00:00,45647.48,3311.53,176.51
2021-09-10 20:00:00,45061.51,3248.86,173.41
2021-09-10 21:00:00,44594.91,3185.21,172.61
2021-09-10 22:00:00,44463.78,3170.21,172.3
2021-09-10 23:00:00,44851.45,3209.82,174.16
2021-09-11 00:00:00,45229.06,3241.62,175.57
2021-09-11 01:00:00,45348.93,3273.01,176.46
2021-09-11 02:00:00,45285.44,3268.22,176.41
2021-09-11 03:00:00,45194.04,3241.93,174.82
2021-09-11 04:00:00,45303.75,3266.97,176.44
2021-09-11 05:00:00,45350.84,3265.8,176.48
2021-09-11 06:00:00,45265.97,3267.81,176.73
2021-09-11 07:00:00,45035.19,3247.65,175.3
2021-09-11 08:00:00,45119.47,3253.27,176.53
2021-09-11 09:00:00,45475.17,3278.75,181.83
2021-09-11 10:00:00,45664.87,3308.01,182.53
2021-09-11 11:00:00,45555.15,3293.06,185.13
2021-09-11 12:00:00,45576.57,3318.4,184.44
2021-09-11 13:00:00,45627.75,3323.58,184.83
2021-09-11 14:00:00,45685.0,3328.05,184.85
2021-09-11 15:00:00,45595.37,3312.46,184.37
2021-09-11 16:00:00,45862.77,3327.33,184.64
2021-09-11 17:00:00,45644.46,3318.27,183.66
2021-09-11 18:00:00,45652.09,3315.79,184.36
2021-09-11 19:00:00,45364.48,3299.19,183.17
2021-09-11 20:00:00,45315.9,3295.74,182.37
2021-09-11 21:00:00,45383.04,3297.25,181.87
2021-09-11 22:00:00,45087.23,3254.1,178.08
2021-09-11 23:00:00,45171.83,3266.77,178.56
2021-09-12 00:00:00,44962.4,3256.86,176.79
2021-09-12 01:00:00,44958.64,3252.94,176.35
2021-09-12 02:00:00,45318.48,3291.76,177.93
2021-09-12 03:00:00,45329.47,3327.33,178.7
2021-09-12 04:00:00,45340.26,3316.17,178.67
2021-09-12 05:00:00,45376.67,3329.61,178.9
2021-09-12 06:00:00,45163.0,3296.48,176.7
2021-09-12 07:00:00,45364.15,3322.12,178.6
2021-09-12 08:00:00,46107.59,3438.72,182.72
2021-09-12 09:00:00,45866.84,3415.14,181.77
2021-09-12 10:00:00,45954.67,3427.71,182.16
2021-09-12 11:00:00,46098.12,3438.52,183.78
2021-09-12 12:00:00,46012.58,3436.24,182.91
2021-09-12 13:00:00,45943.85,3424.78,183.43
2021-09-12 14:00:00,45887.38,3419.32,183.08
2021-09-12 15:00:00,45890.66,3417.95,183.96
2021-09-12 16:00:00,45890.92,3411.83,183.69
2021-09-12 17:00:00,45940.39,3419.01,184.71
2021-09-12 18:00:00,45902.86,3405.85,185.04
2021-09-12 19:00:00,45910.15,3406.43,184.88
2021-09-12 20:00:00,45092.27,3320.09,177.78
2021-09-12 21:00:00,45293.33,3336.89,180.64
2021-09-12 22:00:00,45787.98,3379.59,182.69
2021-09-12 23:00:00,46024.23,3403.75,182.96
2021-09-13 00:00:00,46051.21,3394.32,182.9
2021-09-13 01:00:00,45183.61,3328.74,180.06
2021-09-13 02:00:00,44962.48,3291.27,177.64
2021-09-13 03:00:00,44620.09,3259.18,175.9
2021-09-13 04:00:00,44730.14,3278.88,177.43
2021-09-13 05:00:00,44762.61,3280.86,177.0
2021-09-13 06:00:00,44829.52,3278.23,177.11
2021-09-13 07:00:00,44489.69,3204.77,173.42
2021-09-13 08:00:00,44411.57,3202.5,172.25
2021-09-13 09:00:00,44525.62,3208.94,173.05
2021-09-13 10:00:00,44706.1,3233.94,174.14
2021-09-13 11:00:00,44884.87,3252.43,175.5
2021-09-13 12:00:00,44643.35,3212.15,174.06
2021-09-13 13:00:00,46159.94,3314.8,216.74
2021-09-13 14:00:00,43970.18,3182.97,178.52
2021-09-13 15:00:00,44381.02,3203.62,180.17
2021-09-13 16:00:00,44448.55,3209.62,178.75
2021-09-13 17:00:00,44474.63,3221.05,178.31
2021-09-13 18:00:00,44727.38,3222.58,180.36
2021-09-13 19:00:00,44759.94,3254.03,180.5
2021-09-13 20:00:00,45182.57,3289.63,182.84
2021-09-13 21:00:00,45121.36,3276.35,180.78
2021-09-13 22:00:00,45076.23,3288.19,181.31
2021-09-13 23:00:00,44947.72,3286.2,179.36
2021-09-14 00:00:00,45187.02,3316.52,180.65
2021-09-14 01:00:00,45161.26,3305.19,178.62
2021-09-14 02:00:00,45042.2,3283.72,176.93
2021-09-14 03:00:00,45201.58,3291.87,178.48
2021-09-14 04:00:00,45102.18,3278.16,176.77
2021-09-14 05:00:00,45250.0,3288.24,177.95
2021-09-14 06:00:00,45621.97,3319.9,178.84
2021-09-14 07:00:00,45732.33,3312.24,179.03
2021-09-14 08:00:00,45977.88,3343.48,180.39
2021-09-14 09:00:00,45847.79,3324.55,179.58
2021-09-14 10:00:00,46054.03,3343.67,180.52
2021-09-14 11:00:00,45992.1,3329.47,178.87
2021-09-14 12:00:00,46547.14,3352.65,179.82
2021-09-14 13:00:00,46433.15,3340.13,179.83
2021-09-14 14:00:00,46588.81,3345.55,180.25
2021-09-14 15:00:00,46779.19,3388.55,184.85
2021-09-14 16:00:00,46611.82,3373.0,183.84
2021-09-14 17:00:00,46750.0,3381.18,183.72
2021-09-14 18:00:00,46524.63,3356.77,179.8
2021-09-14 19:00:00,46486.97,3350.51,180.75
2021-09-14 20:00:00,46818.58,3375.91,181.33
2021-09-14 21:00:00,46645.08,3347.53,180.47
2021-09-14 22:00:00,47199.06,3420.2,183.46
2021-09-14 23:00:00,47127.22,3436.29,183.09
2021-09-15 00:00:00,47165.86,3402.86,181.92
2021-09-15 01:00:00,47075.51,3401.12,181.31
2021-09-15 02:00:00,47201.0,3417.19,181.29
2021-09-15 03:00:00,47100.0,3398.13,181.16
2021-09-15 04:00:00,46891.28,3396.04,180.21
2021-09-15 05:00:00,46914.59,3393.67,180.61
2021-09-15 06:00:00,46935.02,3381.24,181.03
2021-09-15 07:00:00,47202.04,3405.49,182.33
2021-09-15 08:00:00,47076.61,3396.35,180.91
2021-09-15 09:00:00,47148.95,3385.02,180.54
2021-09-15 10:00:00,47629.91,3424.95,182.96
2021-09-15 11:00:00,47580.79,3412.05,182.2
2021-09-15 12:00:00,47417.83,3406.8,181.37
2021-09-15 13:00:00,47767.61,3432.25,182.47
2021-09-15 14:00:00,47892.61,3437.01,182.73
2021-09-15 15:00:00,48321.98,3499.67,184.32
2021-09-15 16:00:00,48073.33,3510.86,183.35
2021-09-15 17:00:00,48003.46,3541.29,184.1
2021-09-15 18:00:00,48046.28,3542.19,184.54
2021-09-15 19:00:00,48085.67,3536.14,185.0
2021-09-15 20:00:00,47934.53,3555.26,184.26
2021-09-15 21:00:00,48184.03,3564.64,191.22
2021-09-15 22:00:00,48299.42,3595.84,189.11
2021-09-15 23:00:00,48148.12,3615.65,189.24
2021-09-16 00:00:00,47914.36,3582.42,187.61
2021-09-16 01:00:00,47977.63,3592.11,189.56
2021-09-16 02:00:00,47931.73,3584.91,192.19
2021-09-16 03:00:00,47621.75,3543.9,187.71
2021-09-16 04:00:00,48302.76,3651.13,191.94
2021-09-16 05:00:00,48258.04,3630.04,190.14
2021-09-16 06:00:00,48376.35,3632.82,190.44
2021-09-16 07:00:00,48362.12,3634.4,191.34
2021-09-16 08:00:00,48098.49,3626.95,190.27
2021-09-16 09:00:00,47915.6,3610.12,192.78
2021-09-16 10:00:00,47833.65,3594.53,190.51
2021-09-16 11:00:00,47924.0,3620.0,191.3
2021-09-16 12:00:00,48053.2,3629.53,191.72
2021-09-16 13:00:00,47464.35,3560.35,187.61
2021-09-16 14:00:00,47605.48,3577.81,187.35
2021-09-16 15:00:00,48044.33,3619.13,189.81
2021-09-16 16:00:00,47970.28,3602.3,188.23
2021-09-16 17:00:00,47405.16,3547.59,186.44
2021-09-16 18:00:00,47668.28,3582.42,187.42
2021-09-16 19:00:00,47436.71,3563.11,185.78
2021-09-16 20:00:00,47155.13,3497.73,182.49
2021-09-16 21:00:00,47678.37,3558.83,184.49
2021-09-16 22:00:00,47655.71,3554.94,185.05
2021-09-16 23:00:00,47753.16,3568.66,185.33
2021-09-17 00:00:00,47529.85,3536.67,184.35
2021-09-17 01:00:00,48047.9,3587.58,186.57
2021-09-17 02:00:00,47764.84,3559.35,184.68
2021-09-17 03:00:00,47907.87,3563.76,185.97
2021-09-17 04:00:00,48093.11,3578.21,186.62
2021-09-17 05:00:00,48062.93,3562.0,186.74
2021-09-17 06:00:00,48076.46,3565.48,188.31
2021-09-17 07:00:00,47734.87,3520.98,185.28
2021-09-17 08:00:00,47928.28,3531.18,188.18
2021-09-17 09:00:00,47732.7,3506.26,185.45
2021-09-17 10:00:00,47468.99,3461.35,181.92
2021-09-17 11:00:00,47412.92,3449.42,180.36
2021-09-17 12:00:00,47474.38,3455.57,181.14
2021-09-17 13:00:00,47250.01,3450.81,180.11
2021-09-17 14:00:00,47505.24,3476.07,181.58
2021-09-17 15:00:00,47526.81,3451.98,181.3
2021-09-17 16:00:00,47629.52,3458.67,181.91
2021-09-17 17:00:00,47250.01,3410.64,180.19
2021-09-17 18:00:00,47196.91,3398.99,180.72
2021-09-17 19:00:00,47505.29,3424.65,181.92
2021-09-17 20:00:00,46983.02,3376.67,179.14
2021-09-17 21:00:00,47282.93,3408.02,180.27
2021-09-17 22:00:00,46970.16,3374.04,178.61
2021-09-17 23:00:00,47303.5,3400.0,180.0
2021-09-18 00:00:00,47393.44,3408.46,181.86
2021-09-18 01:00:00,47607.18,3409.87,181.19
2021-09-18 02:00:00,47658.95,3419.11,181.33
2021-09-18 03:00:00,47941.28,3451.69,182.17
2021-09-18 04:00:00,48335.54,3480.62,183.49
2021-09-18 05:00:00,48681.11,3510.76,184.47
2021-09-18 06:00:00,48595.61,3496.09,184.27
2021-09-18 07:00:00,48627.78,3502.12,183.86
2021-09-18 08:00:00,48668.8,3514.47,184.17
2021-09-18 09:00:00,48621.3,3517.73,183.5
2021-09-18 10:00:00,48591.28,3523.97,183.21
2021-09-18 11:00:00,48374.14,3496.12,182.34
2021-09-18 12:00:00,48375.03,3489.23,181.33
2021-09-18 13:00:00,48455.13,3481.42,183.79
2021-09-18 14:00:00,48485.53,3481.19,182.74
2021-09-18 15:00:00,48435.8,3475.0,181.93
2021-09-18 16:00:00,48216.17,3442.6,180.85
2021-09-18 17:00:00,48347.22,3454.4,181.38
2021-09-18 18:00:00,48300.76,3449.74,181.01
2021-09-18 19:00:00,48280.83,3445.82,181.35
2021-09-18 20:00:00,47985.03,3396.65,179.6
2021-09-18 21:00:00,47881.46,3388.88,180.25
2021-09-18 22:00:00,48056.45,3419.01,181.06
2021-09-18 23:00:00,48314.56,3436.31,181.38
2021-09-19 00:00:00,47942.95,3405.13,179.18
2021-09-19 01:00:00,47890.75,3416.65,180.64
2021-09-19 02:00:00,48020.98,3420.46,180.55
2021-09-19 03:00:00,47854.64,3413.84,179.46
2021-09-19 04:00:00,47863.25,3412.46,179.97
2021-09-19 05:00:00,48028.67,3425.06,180.79
2021-09-19 06:00:00,48151.22,3435.39,180.83
2021-09-19 07:00:00,48171.79,3441.11,181.06
2021-09-19 08:00:00,48276.46,3442.75,181.22
2021-09-19 09:00:00,48127.84,3424.35,181.25
2021-09-19 10:00:00,48074.36,3408.4,180.19
2021-09-19 11:00:00,47338.24,3326.94,176.66
2021-09-19 12:00:00,47293.96,3340.1,177.2
2021-09-19 13:00:00,47339.16,3352.98,177.52
2021-09-19 14:00:00,47603.09,3343.6,177.85
2021-09-19 15:00:00,47662.42,3364.0,178.23
2021-09-19 16:00:00,47556.71,3357.07,176.8
2021-09-19 17:00:00,47376.1,3343.83,175.28
2021-09-19 18:00:00,47667.34,3362.37,176.72
2021-09-19 19:00:00,47384.34,3337.69,175.28
2021-09-19 20:00:00,47607.13,3359.22,177.12
2021-09-19 21:00:00,47465.51,3343.88,175.93
2021-09-19 22:00:00,47054.56,3298.51,173.67
2021-09-19 23:00:00,47255.92,3328.59,175.76
2021-09-20 00:00:00,46996.65,3284.28,172.76
2021-09-20 01:00:00,47227.03,3312.67,173.89
2021-09-20 02:00:00,45958.28,3206.27,166.23
2021-09-20 03:00:00,45547.15,3187.45,167.04
2021-09-20 04:00:00,45658.47,3200.49,167.68
2021-09-20 05:00:00,45730.01,3202.74,167.83
2021-09-20 06:00:00,45633.0,3183.89,166.83
2021-09-20 07:00:00,44822.14,3125.34,163.97
2021-09-20 08:00:00,45038.54,3156.93,165.85
2021-09-20 09:00:00,44825.48,3131.69,163.98
2021-09-20 10:00:00,44579.52,3121.51,163.25
2021-09-20 11:00:00,43718.96,3041.0,157.34
2021-09-20 12:00:00,43521.56,3023.04,158.17
2021-09-20 13:00:00,44061.29,3088.97,160.75
2021-09-20 14:00:00,43807.85,3059.09,160.4
2021-09-20 15:00:00,43839.27,3088.2,160.51
2021-09-20 16:00:00,43852.96,3092.14,160.73
2021-09-20 17:00:00,44051.88,3098.85,161.71
2021-09-20 18:00:00,43385.51,3019.59,158.62
2021-09-20 19:00:00,43850.37,3072.52,160.32
2021-09-20 20:00:00,43534.87,3018.44,157.99
2021-09-20 21:00:00,43500.0,3017.21,159.03
2021-09-20 22:00:00,43343.23,2993.16,158.28
2021-09-20 23:00:00,43012.97,2976.48,157.23
2021-09-21 00:00:00,41657.3,2882.0,154.09
2021-09-21 01:00:00,42760.35,2992.32,160.45
2021-09-21 02:00:00,42900.0,3017.87,160.92
2021-09-21 03:00:00,42679.53,2998.62,159.39
2021-09-21 04:00:00,42422.84,2975.11,156.85
2021-09-21 05:00:00,42552.8,2994.25,157.83
2021-09-21 06:00:00,42889.84,3038.2,159.12
2021-09-21 07:00:00,43301.19,3073.69,160.29
2021-09-21 08:00:00,43267.73,3076.58,160.55
2021-09-21 09:00:00,43146.13,3050.47,160.23
2021-09-21 10:00:00,43447.01,3081.71,161.58
2021-09-21 11:00:00,43287.8,3062.87,160.05
2021-09-21 12:00:00,43116.99,3022.93,159.3
2021-09-21 13:00:00,43137.36,3031.72,159.4
2021-09-21 14:00:00,42429.47,2989.96,157.25
2021-09-21 15:00:00,43077.44,3035.14,160.06
2021-09-21 16:00:00,42442.6,2943.76,156.35
2021-09-21 17:00:00,41686.58,2896.92,155.09
2021-09-21 18:00:00,42183.87,2899.12,155.48
2021-09-21 19:00:00,42021.97,2887.1,153.3
2021-09-21 20:00:00,40936.56,2765.6,150.9
2021-09-21 21:00:00,41376.0,2819.32,151.62
2021-09-21 22:00:00,40508.19,2723.72,147.64
2021-09-21 23:00:00,40719.6,2765.69,148.52
2021-09-22 00:00:00,41018.27,2774.12,147.6
2021-09-22 01:00:00,42206.52,2870.39,152.68
2021-09-22 02:00:00,42039.58,2860.51,151.4
2021-09-22 03:00:00,42068.92,2868.29,151.48
2021-09-22 04:00:00,41899.16,2844.45,150.39
2021-09-22 05:00:00,42019.48,2874.13,152.09
2021-09-22 06:00:00,42334.79,2931.02,153.45
2021-09-22 07:00:00,42554.86,2943.9,154.33
2021-09-22 08:00:00,42295.11,2927.83,153.34
2021-09-22 09:00:00,42406.12,2945.88,155.01
2021-09-22 10:00:00,42165.03,2931.19,154.71
2021-09-22 11:00:00,41935.33,2894.97,153.82
2021-09-22 12:00:00,42191.4,2920.55,155.1
2021-09-22 13:00:00,42385.03,2950.45,155.84
2021-09-22 14:00:00,42334.34,2935.57,156.65
2021-09-22 15:00:00,43250.59,3008.97,159.25
2021-09-22 16:00:00,43358.16,3044.74,159.39
2021-09-22 17:00:00,43162.01,3018.27,158.28
2021-09-22 18:00:00,43170.65,3014.82,158.4
2021-09-22 19:00:00,43437.11,3025.88,159.7
2021-09-22 20:00:00,43446.83,3027.72,160.44
2021-09-22 21:00:00,43269.94,3035.85,160.42
2021-09-22 22:00:00,43532.71,3070.9,161.05
2021-09-22 23:00:00,43575.1,3078.43,161.5
2021-09-23 00:00:00,43213.16,3044.17,158.78
2021-09-23 01:00:00,43653.55,3071.28,160.68
2021-09-23 02:00:00,43727.55,3078.37,160.1
2021-09-23 03:00:00,44100.68,3120.82,161.35
2021-09-23 04:00:00,44063.37,3115.04,160.76
2021-09-23 05:00:00,43928.62,3114.88,160.2
2021-09-23 06:00:00,44326.56,3135.99,161.69
2021-09-23 07:00:00,44259.92,3147.8,161.41
2021-09-23 08:00:00,43886.47,3120.45,160.29
2021-09-23 09:00:00,44017.23,3114.12,159.83
2021-09-23 10:00:00,43792.84,3089.14,159.66
2021-09-23 11:00:00,43666.32,3062.25,158.15
2021-09-23 12:00:00,43527.25,3069.67,158.81
2021-09-23 13:00:00,44060.0,3113.31,161.03
2021-09-23 14:00:00,44164.38,3136.42,161.22
2021-09-23 15:00:00,43778.95,3093.74,159.21
2021-09-23 16:00:00,43815.75,3102.72,159.87
2021-09-23 17:00:00,44853.93,3164.5,163.62
2021-09-23 18:00:00,44769.48,3148.4,163.74
2021-09-23 19:00:00,44805.21,3149.32,164.0
2021-09-23 20:00:00,44715.12,3142.01,163.55
2021-09-23 21:00:00,44700.06,3146.44,162.55
2021-09-23 22:00:00,44823.93,3142.74,164.05
2021-09-23 23:00:00,44897.59,3154.62,163.92
2021-09-24 00:00:00,44682.59,3128.87,163.81
2021-09-24 01:00:00,44477.27,3099.25,162.22
2021-09-24 02:00:00,44448.84,3103.28,162.0
2021-09-24 03:00:00,44298.65,3076.54,161.41
2021-09-24 04:00:00,44285.53,3081.03,161.67
2021-09-24 05:00:00,44234.29,3074.91,160.44
2021-09-24 06:00:00,44144.72,3060.66,159.76
2021-09-24 07:00:00,44858.68,3090.18,160.9
2021-09-24 08:00:00,44538.5,3058.35,159.97
2021-09-24 09:00:00,42380.2,2861.65,148.56
2021-09-24 10:00:00,42162.74,2835.72,146.75
2021-09-24 11:00:00,41534.31,2828.55,146.85
2021-09-24 12:00:00,41189.06,2806.76,145.34
2021-09-24 13:00:00,41863.71,2865.27,147.57
2021-09-24 14:00:00,42483.2,2900.04,149.04
2021-09-24 15:00:00,41978.56,2879.23,147.82
2021-09-24 16:00:00,42219.95,2908.65,149.1
2021-09-24 17:00:00,42022.17,2884.3,148.22
2021-09-24 18:00:00,42191.2,2895.08,148.27
2021-09-24 19:00:00,42409.57,2905.03,149.06
2021-09-24 20:00:00,42975.69,2946.39,151.34
2021-09-24 21:00:00,42957.06,2960.76,151.61
2021-09-24 22:00:00,43034.45,2959.75,153.26
2021-09-24 23:00:00,42848.92,2930.61,152.25
2021-09-25 00:00:00,42761.23,2946.05,154.13
2021-09-25 01:00:00,42423.05,2913.62,154.13
2021-09-25 02:00:00,42369.54,2899.25,152.62
2021-09-25 03:00:00,42643.38,2914.73,154.27
2021-09-25 04:00:00,42722.31,2931.25,154.05
2021-09-25 05:00:00,42474.59,2910.17,153.06
2021-09-25 06:00:00,42779.29,2933.01,154.6
2021-09-25 07:00:00,42393.78,2889.24,152.81
2021-09-25 08:00:00,42673.05,2908.59,153.23
2021-09-25 09:00:00,42680.15,2940.93,154.37
2021-09-25 10:00:00,42710.69,2941.28,153.49
2021-09-25 11:00:00,42509.34,2914.78,151.53
2021-09-25 12:00:00,42371.16,2905.85,151.33
2021-09-25 13:00:00,42525.0,2905.32,151.36
2021-09-25 14:00:00,42373.16,2874.0,150.3
2021-09-25 15:00:00,42691.78,2923.88,152.12
2021-09-25 16:00:00,42656.91,2901.27,151.81
2021-09-25 17:00:00,42618.47,2900.55,151.66
2021-09-25 18:00:00,42609.6,2899.96,151.13
2021-09-25 19:00:00,42694.35,2919.51,152.49
2021-09-25 20:00:00,42676.08,2922.7,151.25
2021-09-25 21:00:00,42710.04,2915.87,150.91
2021-09-25 22:00:00,42750.13,2935.6,151.78
2021-09-25 23:00:00,42705.51,2924.01,151.01
2021-09-26 00:00:00,42606.4,2898.48,149.22
2021-09-26 01:00:00,42411.44,2877.65,148.61
2021-09-26 02:00:00,42091.22,2858.47,147.67
2021-09-26 03:00:00,42238.85,2868.4,148.77
2021-09-26 04:00:00,42247.96,2849.4,148.58
2021-09-26 05:00:00,42092.25,2840.97,148.07
2021-09-26 06:00:00,41996.46,2817.4,147.31
2021-09-26 07:00:00,41270.73,2774.26,143.62
2021-09-26 08:00:00,41634.28,2787.85,143.45
2021-09-26 09:00:00,43269.89,2982.95,150.39
2021-09-26 10:00:00,43018.88,2953.74,149.05
2021-09-26 11:00:00,43080.69,2975.38,150.72
2021-09-26 12:00:00,43289.42,3013.12,151.39
2021-09-26 13:00:00,43242.04,3004.48,151.65
2021-09-26 14:00:00,43338.82,3031.05,152.03
2021-09-26 15:00:00,43366.41,3053.58,153.12
2021-09-26 16:00:00,43241.9,3038.3,151.28
2021-09-26 17:00:00,43164.19,3038.51,151.34
2021-09-26 18:00:00,43211.94,3043.62,151.62
2021-09-26 19:00:00,43260.0,3058.66,151.97
2021-09-26 20:00:00,43661.05,3088.95,152.77
2021-09-26 21:00:00,43577.18,3087.32,152.31
2021-09-26 22:00:00,42924.87,3020.53,149.4
2021-09-26 23:00:00,43178.02,3060.71,150.74
2021-09-27 00:00:00,43884.88,3137.39,152.84
2021-09-27 01:00:00,44301.98,3162.65,154.32
2021-09-27 02:00:00,44194.26,3142.01,154.25
2021-09-27 03:00:00,44053.82,3132.53,153.07
2021-09-27 04:00:00,44035.87,3122.36,152.52
2021-09-27 05:00:00,44095.24,3132.4,153.4
2021-09-27 06:00:00,43761.22,3093.87,152.37
2021-09-27 07:00:00,43710.01,3092.47,152.77
2021-09-27 08:00:00,43854.1,3111.68,152.32
2021-09-27 09:00:00,43585.18,3092.36,151.7
2021-09-27 10:00:00,43791.42,3101.61,152.38
2021-09-27 11:00:00,43767.65,3094.17,152.83
2021-09-27 12:00:00,43578.01,3076.14,151.86
2021-09-27 13:00:00,43529.61,3071.37,151.19
2021-09-27 14:00:00,43188.12,3052.28,149.58
2021-09-27 15:00:00,43312.99,3061.3,150.22
2021-09-27 16:00:00,43078.8,3010.48,148.84
2021-09-27 17:00:00,43061.07,3000.75,148.73
2021-09-27 18:00:00,43042.99,3001.76,148.53
2021-09-27 19:00:00,43039.29,2994.61,148.47
2021-09-27 20:00:00,42700.58,2956.1,147.14
2021-09-27 21:00:00,43089.25,2997.38,148.81
2021-09-27 22:00:00,43186.91,3004.05,148.84
2021-09-27 23:00:00,42171.76,2925.27,145.16
2021-09-28 00:00:00,42359.24,2932.98,145.77
2021-09-28 01:00:00,42485.67,2937.95,146.26
2021-09-28 02:00:00,42448.36,2940.16,146.52
2021-09-28 03:00:00,42570.17,2949.65,147.26
2021-09-28 04:00:00,42647.7,2962.31,147.74
2021-09-28 05:00:00,42439.81,2945.03,146.63
2021-09-28 06:00:00,42229.92,2932.35,145.81
2021-09-28 07:00:00,41778.96,2894.64,145.12
2021-09-28 08:00:00,41855.71,2908.71,146.29
2021-09-28 09:00:00,41899.24,2910.26,145.79
2021-09-28 10:00:00,41817.2,2902.69,145.98
2021-09-28 11:00:00,42109.47,2926.6,147.6
2021-09-28 12:00:00,41834.27,2899.99,145.93
2021-09-28 13:00:00,42005.56,2915.63,147.11
2021-09-28 14:00:00,41549.87,2863.48,144.98
2021-09-28 15:00:00,41455.21,2844.7,144.04
2021-09-28 16:00:00,41264.54,2821.49,143.45
2021-09-28 17:00:00,41407.45,2830.77,143.26
2021-09-28 18:00:00,41582.92,2837.62,144.0
2021-09-28 19:00:00,41599.94,2839.52,143.28
2021-09-28 20:00:00,41779.17,2862.98,144.1
2021-09-28 21:00:00,41860.0,2883.9,144.38
2021-09-28 22:00:00,41579.33,2835.22,141.91
2021-09-28 23:00:00,41026.07,2805.65,140.54
2021-09-29 00:00:00,41603.81,2845.0,142.31
2021-09-29 01:00:00,41557.55,2851.94,142.47
2021-09-29 02:00:00,41710.96,2867.91,143.67
2021-09-29 03:00:00,42200.78,2896.83,144.4
2021-09-29 04:00:00,42250.07,2908.37,145.03
2021-09-29 05:00:00,42297.77,2910.0,144.86
2021-09-29 06:00:00,42450.67,2929.01,146.01
2021-09-29 07:00:00,42464.59,2924.39,146.01
2021-09-29 08:00:00,42371.77,2917.66,145.57
2021-09-29 09:00:00,42257.85,2910.4,145.25
2021-09-29 10:00:00,42442.62,2928.61,147.64
2021-09-29 11:00:00,42404.74,2934.05,147.8
2021-09-29 12:00:00,42045.18,2911.12,147.82
2021-09-29 13:00:00,42137.96,2917.06,148.59
2021-09-29 14:00:00,42219.49,2925.26,149.1
2021-09-29 15:00:00,41691.47,2860.96,147.26
2021-09-29 16:00:00,41493.4,2844.74,146.78
2021-09-29 17:00:00,41212.91,2814.34,145.36
2021-09-29 18:00:00,41300.17,2818.45,145.04
2021-09-29 19:00:00,41193.74,2809.95,144.54
2021-09-29 20:00:00,41125.23,2821.53,143.43
2021-09-29 21:00:00,41233.1,2822.07,144.09
2021-09-29 22:00:00,41361.93,2837.06,143.91
2021-09-29 23:00:00,41522.16,2850.14,144.78
2021-09-30 00:00:00,42324.45,2931.53,146.98
2021-09-30 01:00:00,42964.84,2960.54,148.0
2021-09-30 02:00:00,43396.96,2989.69,150.34
2021-09-30 03:00:00,43605.49,3027.54,150.66
2021-09-30 04:00:00,43509.96,3018.55,151.51
2021-09-30 05:00:00,43514.58,3028.49,151.16
2021-09-30 06:00:00,43380.77,3021.98,151.61
2021-09-30 07:00:00,43284.41,3001.78,150.79
2021-09-30 08:00:00,43065.74,2976.3,150.04
2021-09-30 09:00:00,43141.83,2980.44,150.31
2021-09-30 10:00:00,42810.95,2950.03,149.89
2021-09-30 11:00:00,43066.36,2962.63,150.78
2021-09-30 12:00:00,43424.18,3008.43,151.9
2021-09-30 13:00:00,43076.94,2973.21,152.39
2021-09-30 14:00:00,43111.06,2977.0,152.28
2021-09-30 15:00:00,43148.48,2985.33,152.54
2021-09-30 16:00:00,42942.25,2982.52,151.8
2021-09-30 17:00:00,43328.98,2994.82,151.92
2021-09-30 18:00:00,43990.0,3036.46,153.7
2021-09-30 19:00:00,43529.16,2992.38,151.61
2021-09-30 20:00:00,43435.67,2973.17,151.28
2021-09-30 21:00:00,43749.36,3004.83,152.68
2021-09-30 22:00:00,43745.77,3004.13,153.17
2021-09-30 23:00:00,43824.43,3000.46,153.3
2021-10-01 00:00:00,43700.29,3021.19,153.56
2021-10-01 01:00:00,43744.11,3022.15,153.89
2021-10-01 02:00:00,43374.22,2989.09,152.41
2021-10-01 03:00:00,43640.07,3003.13,153.68
2021-10-01 04:00:00,43626.13,3000.01,153.44
2021-10-01 05:00:00,43861.83,3018.04,155.15
2021-10-01 06:00:00,43999.98,3026.53,155.31
2021-10-01 07:00:00,44805.1,3092.79,158.81
2021-10-01 08:00:00,44959.74,3121.0,159.64
2021-10-01 09:00:00,44917.27,3115.66,158.57
2021-10-01 10:00:00,47101.52,3206.36,162.83
2021-10-01 11:00:00,47511.68,3236.76,163.62
2021-10-01 12:00:00,47230.69,3222.85,163.39
2021-10-01 13:00:00,46995.21,3201.09,163.35
2021-10-01 14:00:00,47154.48,3212.41,164.11
2021-10-01 15:00:00,47375.11,3236.8,165.21
2021-10-01 16:00:00,47592.3,3278.52,166.08
2021-10-01 17:00:00,47645.17,3278.65,166.03
2021-10-01 18:00:00,47747.44,3295.35,165.45
2021-10-01 19:00:00,48071.09,3299.01,167.12
2021-10-01 20:00:00,48140.13,3292.78,166.15
2021-10-01 21:00:00,48379.96,3326.47,166.74
2021-10-01 22:00:00,48027.07,3288.74,165.6
2021-10-01 23:00:00,48165.76,3311.16,166.23
2021-10-02 00:00:00,47836.05,3294.94,167.47
2021-10-02 01:00:00,47754.17,3297.5,166.89
2021-10-02 02:00:00,47731.92,3292.22,167.6
2021-10-02 03:00:00,47543.46,3268.16,165.98
2021-10-02 04:00:00,47605.42,3273.55,165.86
2021-10-02 05:00:00,47773.95,3281.46,166.19
2021-10-02 06:00:00,47828.52,3284.58,166.63
2021-10-02 07:00:00,47751.36,3281.5,166.67
2021-10-02 08:00:00,47738.97,3286.14,166.75
2021-10-02 09:00:00,47732.33,3301.56,167.17
2021-10-02 10:00:00,47638.27,3286.34,166.33
2021-10-02 11:00:00,47712.5,3299.0,167.29
2021-10-02 12:00:00,47756.08,3302.25,168.42
2021-10-02 13:00:00,47861.93,3317.16,170.14
2021-10-02 14:00:00,48050.46,3369.42,171.53
2021-10-02 15:00:00,47850.36,3388.52,171.89
2021-10-02 16:00:00,48030.2,3436.84,172.41
2021-10-02 17:00:00,47910.24,3430.54,171.62
2021-10-02 18:00:00,47894.85,3441.92,171.73
2021-10-02 19:00:00,48255.6,3468.07,172.12
2021-10-02 20:00:00,48022.17,3427.29,170.86
2021-10-02 21:00:00,48149.93,3448.97,171.98
2021-10-02 22:00:00,48075.67,3425.15,171.52
2021-10-02 23:00:00,47657.69,3387.82,169.03
2021-10-03 00:00:00,47297.75,3367.3,167.17
2021-10-03 01:00:00,47550.76,3390.08,167.73
2021-10-03 02:00:00,47650.81,3400.33,167.22
2021-10-03 03:00:00,47928.93,3407.21,168.23
2021-10-03 04:00:00,47915.24,3399.05,167.91
2021-10-03 05:00:00,48010.51,3418.37,168.87
2021-10-03 06:00:00,47996.12,3413.78,168.55
2021-10-03 07:00:00,47917.66,3393.4,167.77
2021-10-03 08:00:00,47852.15,3393.57,167.8
2021-10-03 09:00:00,47850.0,3391.97,167.72
2021-10-03 10:00:00,47838.41,3391.93,167.76
2021-10-03 11:00:00,48006.14,3416.3,170.79
2021-10-03 12:00:00,47996.41,3410.41,169.59
2021-10-03 13:00:00,48086.06,3439.44,172.19
2021-10-03 14:00:00,47983.58,3427.78,170.71
2021-10-03 15:00:00,47908.38,3406.42,169.37
2021-10-03 16:00:00,48075.15,3422.28,170.51
2021-10-03 17:00:00,48931.55,3465.75,173.52
2021-10-03 18:00:00,48860.5,3467.01,173.96
2021-10-03 19:00:00,48811.77,3469.17,172.68
2021-10-03 20:00:00,48450.58,3423.58,171.02
2021-10-03 21:00:00,47787.66,3393.86,169.62
2021-10-03 22:00:00,48011.35,3409.36,170.88
2021-10-03 23:00:00,48233.99,3420.07,170.67
2021-10-04 00:00:00,47892.95,3369.53,169.01
2021-10-04 01:00:00,47825.43,3376.27,168.7
2021-10-04 02:00:00,47711.02,3360.47,166.82
2021-10-04 03:00:00,47490.43,3336.96,165.73
2021-10-04 04:00:00,47775.75,3355.65,166.43
2021-10-04 05:00:00,47799.09,3366.09,166.81
2021-10-04 06:00:00,47727.83,3347.86,166.3
2021-10-04 07:00:00,47853.89,3378.34,167.96
2021-10-04 08:00:00,47671.71,3350.48,166.83
2021-10-04 09:00:00,47751.28,3354.05,166.92
2021-10-04 10:00:00,47650.5,3345.37,166.4
2021-10-04 11:00:00,47601.78,3313.92,165.14
2021-10-04 12:00:00,47735.57,3346.0,166.35
2021-10-04 13:00:00,48136.7,3389.42,168.11
2021-10-04 14:00:00,47450.97,3319.4,164.42
2021-10-04 15:00:00,47792.4,3324.19,162.9
2021-10-04 16:00:00,48607.56,3363.4,165.59
2021-10-04 17:00:00,49313.92,3412.54,167.65
2021-10-04 18:00:00,49324.0,3422.56,168.95
2021-10-04 19:00:00,49398.53,3418.29,169.3
2021-10-04 20:00:00,48997.68,3383.39,168.01
2021-10-04 21:00:00,48930.21,3396.95,167.72
2021-10-04 22:00:00,48930.88,3373.72,166.31
2021-10-04 23:00:00,49245.54,3387.2,167.53
2021-10-05 00:00:00,49547.44,3407.24,169.43
2021-10-05 01:00:00,49263.17,3387.97,168.5
2021-10-05 02:00:00,49342.06,3389.66,168.55
2021-10-05 03:00:00,49320.16,3388.54,168.62
2021-10-05 04:00:00,49179.61,3369.22,166.87
2021-10-05 05:00:00,49336.71,3384.4,167.88
2021-10-05 06:00:00,49317.03,3384.31,168.07
2021-10-05 07:00:00,49486.91,3389.58,168.15
2021-10-05 08:00:00,49931.89,3418.32,168.79
2021-10-05 09:00:00,50279.82,3450.22,170.38
2021-10-05 10:00:00,50014.81,3438.22,172.52
2021-10-05 11:00:00,49906.56,3447.27,172.5
2021-10-05 12:00:00,50019.99,3454.92,171.29
2021-10-05 13:00:00,50225.01,3459.27,172.06
2021-10-05 14:00:00,49860.0,3432.05,168.86
2021-10-05 15:00:00,49816.37,3419.01,168.34
2021-10-05 16:00:00,50134.47,3435.68,168.91
2021-10-05 17:00:00,50163.74,3435.52,170.69
2021-10-05 18:00:00,50645.68,3460.01,173.17
2021-10-05 19:00:00,51210.37,3492.87,174.56
2021-10-05 20:00:00,51479.66,3526.56,174.58
2021-10-05 21:00:00,51755.6,3540.29,174.95
2021-10-05 22:00:00,51376.35,3512.1,173.63
2021-10-05 23:00:00,51493.99,3515.3,173.79
2021-10-06 00:00:00,51354.82,3525.56,172.61
2021-10-06 01:00:00,51318.94,3496.05,171.48
2021-10-06 02:00:00,51582.52,3503.91,171.97
2021-10-06 03:00:00,51550.01,3488.64,171.76
2021-10-06 04:00:00,51343.63,3474.65,171.58
2021-10-06 05:00:00,51546.41,3494.17,174.13
2021-10-06 06:00:00,51547.26,3491.46,174.08
2021-10-06 07:00:00,51484.33,3457.5,171.53
2021-10-06 08:00:00,50715.31,3381.14,166.37
2021-10-06 09:00:00,50722.59,3364.5,164.91
2021-10-06 10:00:00,51177.19,3377.34,166.81
2021-10-06 11:00:00,51339.83,3382.75,166.65
2021-10-06 12:00:00,52766.37,3457.74,177.28
2021-10-06 13:00:00,53988.43,3580.0,178.54
2021-10-06 14:00:00,54511.87,3599.49,180.11
2021-10-06 15:00:00,54999.26,3614.2,181.49
2021-10-06 16:00:00,54898.22,3599.15,181.94
2021-10-06 17:00:00,54604.01,3578.95,181.3
2021-10-06 18:00:00,54548.81,3584.07,181.09
2021-10-06 19:00:00,55083.96,3589.99,181.6
2021-10-06 20:00:00,54940.07,3562.53,181.37
2021-10-06 21:00:00,55101.91,3586.06,182.06
2021-10-06 22:00:00,55176.21,3590.34,180.58
2021-10-06 23:00:00,55339.48,3575.85,178.5
2021-10-07 00:00:00,54817.96,3540.27,176.45
2021-10-07 01:00:00,54800.01,3517.57,175.39
2021-10-07 02:00:00,55093.63,3533.39,176.28
2021-10-07 03:00:00,54824.26,3521.14,175.82
2021-10-07 04:00:00,55086.54,3543.41,178.29
2021-10-07 05:00:00,54760.54,3539.53,179.32
2021-10-07 06:00:00,54556.57,3531.26,178.35
2021-10-07 07:00:00,54789.55,3612.85,185.17
2021-10-07 08:00:00,54547.07,3591.03,185.44
2021-10-07 09:00:00,54340.11,3567.38,182.87
2021-10-07 10:00:00,53939.32,3553.18,181.22
2021-10-07 11:00:00,54325.48,3576.57,183.7
2021-10-07 12:00:00,54014.8,3569.39,179.94
2021-10-07 13:00:00,54586.6,3630.36,183.01
2021-10-07 14:00:00,53808.6,3564.64,178.56
2021-10-07 15:00:00,53927.92,3586.99,179.36
2021-10-07 16:00:00,54168.09,3596.88,179.94
2021-10-07 17:00:00,54188.21,3610.06,179.23
2021-10-07 18:00:00,53913.19,3592.86,179.01
2021-10-07 19:00:00,53981.18,3606.89,179.11
2021-10-07 20:00:00,54187.79,3625.12,179.74
2021-10-07 21:00:00,54301.11,3635.95,179.97
2021-10-07 22:00:00,53926.2,3608.01,178.79
2021-10-07 23:00:00,53797.82,3588.51,178.61
2021-10-08 00:00:00,54134.19,3605.0,180.43
2021-10-08 01:00:00,54314.82,3610.41,180.23
2021-10-08 02:00:00,53863.12,3570.94,177.44
2021-10-08 03:00:00,53829.05,3575.18,176.46
2021-10-08 04:00:00,53894.41,3575.8,176.94
2021-10-08 05:00:00,54189.19,3584.14,177.42
2021-10-08 06:00:00,54132.75,3582.45,178.04
2021-10-08 07:00:00,54831.09,3603.7,179.87
2021-10-08 08:00:00,55815.87,3662.78,182.78
2021-10-08 09:00:00,55248.79,3628.18,180.37
2021-10-08 10:00:00,55501.33,3627.97,180.67
2021-10-08 11:00:00,55264.03,3611.98,181.83
2021-10-08 12:00:00,54852.98,3602.41,180.93
2021-10-08 13:00:00,54189.31,3598.14,180.15
2021-10-08 14:00:00,54591.11,3649.19,182.0
2021-10-08 15:00:00,54352.22,3622.37,180.78
2021-10-08 16:00:00,54305.2,3630.87,180.58
2021-10-08 17:00:00,54311.82,3626.87,178.64
2021-10-08 18:00:00,54500.43,3623.34,179.01
2021-10-08 19:00:00,54699.93,3626.88,178.4
2021-10-08 20:00:00,54020.94,3556.95,175.31
2021-10-08 21:00:00,54170.3,3573.69,176.31
2021-10-08 22:00:00,54079.6,3577.54,176.63
2021-10-08 23:00:00,53963.82,3563.96,175.91
2021-10-09 00:00:00,54284.94,3584.46,177.07
2021-10-09 01:00:00,54022.27,3559.67,175.58
2021-10-09 02:00:00,54168.31,3575.54,176.82
2021-10-09 03:00:00,54579.73,3579.76,177.63
2021-10-09 04:00:00,54702.16,3587.98,177.35
2021-10-09 05:00:00,54600.63,3585.84,176.66
2021-10-09 06:00:00,54852.29,3602.39,177.58
2021-10-09 07:00:00,54931.45,3606.97,177.49
2021-10-09 08:00:00,54749.46,3583.46,176.22
2021-10-09 09:00:00,54921.56,3596.38,178.08
2021-10-09 10:00:00,54884.34,3611.59,181.2
2021-10-09 11:00:00,54806.4,3597.48,179.68
2021-10-09 12:00:00,54981.41,3603.65,179.98
2021-10-09 13:00:00,55243.27,3622.92,180.85
2021-10-09 14:00:00,55151.46,3616.82,180.52
2021-10-09 15:00:00,54992.51,3601.36,179.85
2021-10-09 16:00:00,54822.63,3588.36,182.25
2021-10-09 17:00:00,54930.76,3594.82,180.92
2021-10-09 18:00:00,54913.95,3598.18,181.55
2021-10-09 19:00:00,54670.23,3583.87,180.3
2021-10-09 20:00:00,54680.59,3580.15,181.26
2021-10-09 21:00:00,54857.79,3589.59,180.94
2021-10-09 22:00:00,54910.06,3588.25,180.72
2021-10-09 23:00:00,54962.29,3575.83,180.0
2021-10-10 00:00:00,54925.0,3568.39,178.28
2021-10-10 01:00:00,54414.33,3507.02,177.62
2021-10-10 02:00:00,54644.87,3527.1,178.65
2021-10-10 03:00:00,55038.87,3531.14,181.84
2021-10-10 04:00:00,55881.42,3571.49,183.6
2021-10-10 05:00:00,55660.0,3567.46,183.0
2021-10-10 06:00:00,55622.76,3596.76,183.34
2021-10-10 07:00:00,55685.13,3583.05,182.88
2021-10-10 08:00:00,55586.15,3591.21,183.06
2021-10-10 09:00:00,54993.09,3573.44,180.91
2021-10-10 10:00:00,55029.05,3567.73,180.58
2021-10-10 11:00:00,55167.71,3566.06,180.62
2021-10-10 12:00:00,54962.2,3545.05,179.57
2021-10-10 13:00:00,55255.84,3550.63,180.01
2021-10-10 14:00:00,55150.01,3551.37,180.42
2021-10-10 15:00:00,55402.03,3559.47,180.65
2021-10-10 16:00:00,55489.42,3547.8,179.9
2021-10-10 17:00:00,55362.31,3524.15,178.82
2021-10-10 18:00:00,55336.17,3528.92,178.93
2021-10-10 19:00:00,55474.83,3529.65,178.67
2021-10-10 20:00:00,55441.99,3514.86,178.32
2021-10-10 21:00:00,54829.76,3456.63,175.96
2021-10-10 22:00:00,54925.03,3467.0,177.21
2021-10-10 23:00:00,54690.53,3415.0,174.92
2021-10-11 00:00:00,55148.79,3443.38,176.02
2021-10-11 01:00:00,55353.38,3451.47,176.43
2021-10-11 02:00:00,55838.34,3479.36,177.45
2021-10-11 03:00:00,56521.99,3519.59,180.45
2021-10-11 04:00:00,56478.34,3521.0,181.32
2021-10-11 05:00:00,56549.54,3527.67,180.9
2021-10-11 06:00:00,56700.42,3521.23,181.02
2021-10-11 07:00:00,56801.58,3578.23,184.57
2021-10-11 08:00:00,56567.85,3602.11,183.66
2021-10-11 09:00:00,56515.63,3580.85,183.29
2021-10-11 10:00:00,56215.86,3561.03,181.77
2021-10-11 11:00:00,56421.74,3559.23,179.56
2021-10-11 12:00:00,56489.34,3570.84,180.1
2021-10-11 13:00:00,57239.75,3592.01,183.35
2021-10-11 14:00:00,57466.09,3597.79,183.18
2021-10-11 15:00:00,57506.8,3594.77,182.53
2021-10-11 16:00:00,57286.51,3576.86,181.48
2021-10-11 17:00:00,57433.47,3565.04,180.2
2021-10-11 18:00:00,57350.9,3552.39,179.15
2021-10-11 19:00:00,57499.97,3516.1,177.62
2021-10-11 20:00:00,57341.18,3492.54,175.58
2021-10-11 21:00:00,57159.41,3517.97,176.72
2021-10-11 22:00:00,57175.17,3511.82,178.36
2021-10-11 23:00:00,57487.44,3542.37,179.2
2021-10-12 00:00:00,56938.96,3503.8,175.86
2021-10-12 01:00:00,57069.88,3516.48,176.7
2021-10-12 02:00:00,56786.0,3483.16,174.04
2021-10-12 03:00:00,56729.32,3487.18,173.85
2021-10-12 04:00:00,56986.01,3498.06,174.62
2021-10-12 05:00:00,57429.18,3511.04,175.07
2021-10-12 06:00:00,57227.6,3480.68,172.81
2021-10-12 07:00:00,57356.89,3482.21,173.82
2021-10-12 08:00:00,57468.81,3498.85,174.37
2021-10-12 09:00:00,56954.12,3439.71,167.95
2021-10-12 10:00:00,57196.95,3462.62,169.93
2021-10-12 11:00:00,57257.76,3457.8,170.63
2021-10-12 12:00:00,56895.91,3418.23,168.41
2021-10-12 13:00:00,56942.83,3496.64,172.34
2021-10-12 14:00:00,56400.0,3486.06,170.28
2021-10-12 15:00:00,56297.25,3505.51,171.78
2021-10-12 16:00:00,55883.93,3513.37,172.17
2021-10-12 17:00:00,55902.74,3486.1,170.49
2021-10-12 18:00:00,55552.77,3488.0,171.84
2021-10-12 19:00:00,55308.77,3464.94,170.82
2021-10-12 20:00:00,55360.11,3478.2,172.27
2021-10-12 21:00:00,56061.81,3485.52,172.0
2021-10-12 22:00:00,56394.42,3499.43,172.6
2021-10-12 23:00:00,56005.1,3490.61,172.63
2021-10-13 00:00:00,56477.89,3523.89,174.5
2021-10-13 01:00:00,56291.23,3498.09,173.56
2021-10-13 02:00:00,56423.32,3516.6,174.51
2021-10-13 03:00:00,56289.81,3501.67,174.19
2021-10-13 04:00:00,56084.61,3508.25,173.79
2021-10-13 05:00:00,55037.91,3452.67,169.07
2021-10-13 06:00:00,55360.0,3461.81,170.12
2021-10-13 07:00:00,54617.97,3428.48,168.01
2021-10-13 08:00:00,54608.07,3427.47,168.29
2021-10-13 09:00:00,54890.97,3449.62,169.21
2021-10-13 10:00:00,54660.29,3450.16,169.42
2021-10-13 11:00:00,55212.33,3469.12,173.26
2021-10-13 12:00:00,55040.55,3470.08,177.94
2021-10-13 13:00:00,54911.12,3442.9,172.08
2021-10-13 14:00:00,55785.63,3486.98,173.5
2021-10-13 15:00:00,56158.13,3486.14,174.51
2021-10-13 16:00:00,56943.37,3493.07,174.4
2021-10-13 17:00:00,56883.35,3510.49,174.94
2021-10-13 18:00:00,56969.92,3511.26,175.14
2021-10-13 19:00:00,57278.54,3521.76,175.89
2021-10-13 20:00:00,56981.82,3574.58,176.1
2021-10-13 21:00:00,57513.51,3572.58,176.59
2021-10-13 22:00:00,57383.34,3604.47,178.9
2021-10-13 23:00:00,57367.32,3608.21,177.61
2021-10-14 00:00:00,57727.44,3604.88,177.22
2021-10-14 01:00:00,58300.97,3646.49,179.62
2021-10-14 02:00:00,58215.24,3636.44,180.26
2021-10-14 03:00:00,58071.8,3644.61,180.56
2021-10-14 04:00:00,57990.79,3653.82,179.88
2021-10-14 05:00:00,57967.23,3636.62,179.67
2021-10-14 06:00:00,57684.88,3626.6,179.31
2021-10-14 07:00:00,57379.82,3630.59,178.53
2021-10-14 08:00:00,57467.67,3645.51,179.86
2021-10-14 09:00:00,57423.09,3632.48,179.29
2021-10-14 10:00:00,57672.15,3640.02,179.33
2021-10-14 11:00:00,57627.27,3734.65,181.36
2021-10-14 12:00:00,57567.29,3734.99,181.0
2021-10-14 13:00:00,57415.94,3769.55,181.21
2021-10-14 14:00:00,57382.77,3795.5,182.35
2021-10-14 15:00:00,57338.73,3810.19,181.95
2021-10-14 16:00:00,57118.42,3784.24,181.08
2021-10-14 17:00:00,57191.67,3791.31,182.1
2021-10-14 18:00:00,58061.7,3801.64,183.33
2021-10-14 19:00:00,57875.32,3793.31,181.08
2021-10-14 20:00:00,57435.85,3758.52,179.68
2021-10-14 21:00:00,57762.74,3777.85,180.53
2021-10-14 22:00:00,57605.04,3782.75,180.07
2021-10-14 23:00:00,57359.51,3791.66,181.5
2021-10-15 00:00:00,57067.22,3766.93,178.62
2021-10-15 01:00:00,57267.77,3749.59,178.13
2021-10-15 02:00:00,59113.31,3830.73,183.76
2021-10-15 03:00:00,59446.99,3822.1,184.56
2021-10-15 04:00:00,59610.11,3823.2,185.2
2021-10-15 05:00:00,59556.78,3851.56,184.94
2021-10-15 06:00:00,59655.89,3826.68,183.72
2021-10-15 07:00:00,59222.24,3805.03,182.27
2021-10-15 08:00:00,58955.63,3765.12,179.28
2021-10-15 09:00:00,59368.26,3781.64,179.63
2021-10-15 10:00:00,59299.29,3783.04,180.0
2021-10-15 11:00:00,59540.51,3779.27,180.55
2021-10-15 12:00:00,59276.61,3769.07,179.39
2021-10-15 13:00:00,59969.47,3815.23,181.0
2021-10-15 14:00:00,60071.26,3809.45,183.29
2021-10-15 15:00:00,60016.0,3791.43,185.56
2021-10-15 16:00:00,61433.62,3862.16,190.89
2021-10-15 17:00:00,61746.33,3856.06,191.11
2021-10-15 18:00:00,61648.24,3878.16,189.98
2021-10-15 19:00:00,61436.13,3848.03,190.62
2021-10-15 20:00:00,62536.68,3881.05,192.35
2021-10-15 21:00:00,61200.25,3841.35,189.22
2021-10-15 22:00:00,61302.87,3849.3,189.7
2021-10-15 23:00:00,61695.39,3869.73,189.63
2021-10-16 00:00:00,61442.22,3844.53,190.69
2021-10-16 01:00:00,61386.56,3835.17,190.62
2021-10-16 02:00:00,61615.1,3854.01,191.28
2021-10-16 03:00:00,61644.33,3842.08,189.72
2021-10-16 04:00:00,61739.72,3834.14,189.06
2021-10-16 05:00:00,62127.55,3855.09,189.69
2021-10-16 06:00:00,61857.2,3847.44,189.51
2021-10-16 07:00:00,61731.7,3852.0,188.35
2021-10-16 08:00:00,61542.92,3938.31,190.72
2021-10-16 09:00:00,61428.17,3932.84,191.38
2021-10-16 10:00:00,61539.37,3937.21,191.17
2021-10-16 11:00:00,61593.11,3955.32,190.77
2021-10-16 12:00:00,60700.0,3897.06,187.04
2021-10-16 13:00:00,61024.0,3919.07,188.18
2021-10-16 14:00:00,60884.3,3898.66,188.05
2021-10-16 15:00:00,60953.81,3908.48,188.0
2021-10-16 16:00:00,60651.65,3895.15,188.24
2021-10-16 17:00:00,60601.31,3868.93,187.04
2021-10-16 18:00:00,61062.98,3868.31,186.88
2021-10-16 19:00:00,60831.49,3838.41,186.61
2021-10-16 20:00:00,61017.49,3831.9,186.4
2021-10-16 21:00:00,60668.81,3814.27,185.45
2021-10-16 22:00:00,60797.33,3825.19,186.71
2021-10-16 23:00:00,60877.42,3829.66,186.05
2021-10-17 00:00:00,60924.79,3839.87,185.46
2021-10-17 01:00:00,61087.47,3848.5,186.46
2021-10-17 02:00:00,61107.46,3849.94,186.61
2021-10-17 03:00:00,61125.02,3878.69,187.29
2021-10-17 04:00:00,60921.18,3874.88,186.92
2021-10-17 05:00:00,60659.65,3856.66,186.76
2021-10-17 06:00:00,60671.07,3874.39,186.85
2021-10-17 07:00:00,60344.49,3877.72,185.46
2021-10-17 08:00:00,60681.51,3888.44,185.92
2021-10-17 09:00:00,61221.45,3894.51,186.48
2021-10-17 10:00:00,61138.6,3883.88,186.32
2021-10-17 11:00:00,60945.16,3859.06,185.15
2021-10-17 12:00:00,60860.3,3854.12,185.05
2021-10-17 13:00:00,61003.99,3860.1,185.8
2021-10-17 14:00:00,61024.84,3853.93,185.56
2021-10-17 15:00:00,60773.04,3788.91,183.73
2021-10-17 16:00:00,60972.36,3811.48,184.04
2021-10-17 17:00:00,61028.36,3804.29,184.58
2021-10-17 18:00:00,60977.01,3810.6,185.26
2021-10-17 19:00:00,60511.75,3766.51,184.1
2021-10-17 20:00:00,59400.01,3698.51,178.91
2021-10-17 21:00:00,60629.72,3764.86,181.98
2021-10-17 22:00:00,61278.77,3827.3,183.78
2021-10-17 23:00:00,61527.11,3847.18,183.73
2021-10-18 00:00:00,62452.75,3876.67,185.96
2021-10-18 01:00:00,62089.68,3875.75,185.42
2021-10-18 02:00:00,62109.02,3861.58,185.68
2021-10-18 03:00:00,62107.87,3853.15,185.8
2021-10-18 04:00:00,62353.45,3863.39,186.96
2021-10-18 05:00:00,62352.65,3873.74,186.69
2021-10-18 06:00:00,62237.44,3860.23,186.09
2021-10-18 07:00:00,61876.94,3836.24,185.04
2021-10-18 08:00:00,61785.05,3821.42,184.39
2021-10-18 09:00:00,61224.63,3798.02,182.84
2021-10-18 10:00:00,61296.85,3784.62,182.22
2021-10-18 11:00:00,60914.63,3744.22,180.84
2021-10-18 12:00:00,60619.17,3727.97,180.8
2021-10-18 13:00:00,61859.29,3803.1,184.44
2021-10-18 14:00:00,62113.21,3785.04,183.52
2021-10-18 15:00:00,62015.37,3759.5,183.6
2021-10-18 16:00:00,61833.78,3729.55,182.63
2021-10-18 17:00:00,61746.64,3729.56,183.49
2021-10-18 18:00:00,61851.7,3728.42,183.77
2021-10-18 19:00:00,61429.39,3746.3,183.95
2021-10-18 20:00:00,61363.54,3732.6,184.67
2021-10-18 21:00:00,61799.39,3743.71,185.88
2021-10-18 22:00:00,62088.54,3747.02,185.53
2021-10-18 23:00:00,62042.41,3745.48,185.63
2021-10-19 00:00:00,61865.34,3750.8,184.88
2021-10-19 01:00:00,61827.08,3786.05,188.51
2021-10-19 02:00:00,61755.92,3787.42,188.87
2021-10-19 03:00:00,62584.78,3823.8,190.67
2021-10-19 04:00:00,62418.09,3817.04,190.0
2021-10-19 05:00:00,62480.67,3820.04,189.89
2021-10-19 06:00:00,62197.47,3788.15,188.55
2021-10-19 07:00:00,62292.22,3809.07,188.55
2021-10-19 08:00:00,62547.85,3810.38,189.66
2021-10-19 09:00:00,62146.26,3793.22,189.46
2021-10-19 10:00:00,62249.34,3790.99,188.07
2021-10-19 11:00:00,62139.81,3798.07,188.06
2021-10-19 12:00:00,62227.2,3801.18,187.93
2021-10-19 13:00:00,62630.43,3809.85,187.01
2021-10-19 14:00:00,62543.98,3802.01,185.22
2021-10-19 15:00:00,62410.29,3775.37,184.95
2021-10-19 16:00:00,63186.97,3806.7,185.61
2021-10-19 17:00:00,63431.79,3812.83,186.93
2021-10-19 18:00:00,63438.75,3806.37,186.65
2021-10-19 19:00:00,64200.84,3818.07,186.58
2021-10-19 20:00:00,64130.44,3806.02,186.0
2021-10-19 21:00:00,64093.47,3812.44,186.33
2021-10-19 22:00:00,64113.72,3878.59,187.42
2021-10-19 23:00:00,64303.14,3878.17,188.73
2021-10-20 00:00:00,64065.32,3871.37,187.4
2021-10-20 01:00:00,63842.82,3858.84,186.81
2021-10-20 02:00:00,63809.89,3848.58,186.66
2021-10-20 03:00:00,63865.84,3846.31,185.88
2021-10-20 04:00:00,64061.04,3858.51,186.62
2021-10-20 05:00:00,63792.75,3842.23,186.21
2021-10-20 06:00:00,63821.08,3839.0,186.03
2021-10-20 07:00:00,64006.42,3858.99,186.59
2021-10-20 08:00:00,64050.4,3852.22,187.86
2021-10-20 09:00:00,64024.16,3869.14,188.12
2021-10-20 10:00:00,63865.98,3854.95,187.43
2021-10-20 11:00:00,63807.69,3863.01,189.43
2021-10-20 12:00:00,64397.9,3934.29,191.12
2021-10-20 13:00:00,66039.75,4004.0,195.83
2021-10-20 14:00:00,66692.08,4049.0,198.34
2021-10-20 15:00:00,66890.92,4081.64,204.16
2021-10-20 16:00:00,66467.87,4077.65,206.55
2021-10-20 17:00:00,66373.42,4076.99,206.24
2021-10-20 18:00:00,66658.14,4122.85,207.68
2021-10-20 19:00:00,66415.24,4102.59,207.03
2021-10-20 20:00:00,66003.32,4108.58,207.37
2021-10-20 21:00:00,65809.33,4117.02,206.65
2021-10-20 22:00:00,65913.63,4127.23,205.82
2021-10-20 23:00:00,66026.54,4161.94,207.32
2021-10-21 00:00:00,65629.17,4189.33,210.56
2021-10-21 01:00:00,64986.94,4198.17,207.97
2021-10-21 02:00:00,64941.72,4195.34,208.88
2021-10-21 03:00:00,65066.06,4185.43,208.86
2021-10-21 04:00:00,65049.33,4167.38,208.41
2021-10-21 05:00:00,64831.69,4175.67,209.32
2021-10-21 06:00:00,64699.08,4157.0,206.03
2021-10-21 07:00:00,65101.71,4163.26,208.41
2021-10-21 08:00:00,65895.93,4195.91,208.61
2021-10-21 09:00:00,66202.79,4297.96,210.53
2021-10-21 10:00:00,65619.33,4307.87,209.2
2021-10-21 11:00:00,65748.1,4346.13,210.8
